Angle,Intensity
5.010866440,3982.0
5.032599320,3998.0
5.054332200,3822.0
5.076065080,3866.0
5.097797960,3845.0
5.119530840,3793.0
5.141263720,3669.0
5.162996600,3668.0
5.184729480,3426.0
5.206462360,3595.0
5.228195240,3526.0
5.249928120,3403.0
5.271661000,3426.0
5.293393880,3350.0
5.315126760,3429.0
5.336859640,3228.0
5.358592520,3238.0
5.380325400,3215.0
5.402058280,3217.0
5.423791160,3249.0
5.445524040,3140.0
5.467256920,3151.0
5.488989800,3133.0
5.510722680,3048.0
5.532455560,2991.0
5.554188440,3051.0
5.575921320,3001.0
5.597654200,2985.0
5.619387080,2962.0
5.641119960,2948.0
5.662852840,2770.0
5.684585720,2921.0
5.706318600,2820.0
5.728051480,2826.0
5.749784360,2830.0
5.771517240,2860.0
5.793250120,2686.0
5.814983000,2728.0
5.836715880,2719.0
5.858448760,2752.0
5.880181640,2611.0
5.901914520,2654.0
5.923647400,2586.0
5.945380280,2628.0
5.967113160,2654.0
5.988846040,2549.0
6.010578920,2582.0
6.032311800,2575.0
6.054044680,2560.0
6.075777560,2483.0
6.097510440,2406.0
6.119243320,2575.0
6.140976200,2542.0
6.162709080,2566.0
6.184441960,2396.0
6.206174840,2461.0
6.227907720,2486.0
6.249640600,2484.0
6.271373480,2445.0
6.293106360,2444.0
6.314839240,2342.0
6.336572120,2337.0
6.358305000,2334.0
6.380037880,2373.0
6.401770760,2318.0
6.423503640,2444.0
6.445236520,2354.0
6.466969400,2392.0
6.488702280,2318.0
6.510435160,2360.0
6.532168040,2356.0
6.553900920,2284.0
6.575633800,2352.0
6.597366680,2275.0
6.619099560,2222.0
6.640832440,2294.0
6.662565320,2273.0
6.684298200,2109.0
6.706031080,2223.0
6.727763960,2210.0
6.749496840,2173.0
6.771229720,2241.0
6.792962600,2183.0
6.814695480,2141.0
6.836428360,2220.0
6.858161240,2182.0
6.879894120,2146.0
6.901627000,2166.0
6.923359880,2115.0
6.945092760,2105.0
6.966825640,2225.0
6.988558520,2020.0
7.010291400,2119.0
7.032024280,2105.0
7.053757160,2043.0
7.075490040,2009.0
7.097222920,2110.0
7.118955800,2100.0
7.140688680,2112.0
7.162421560,1982.0
7.184154440,1997.0
7.205887320,1998.0
7.227620200,2042.0
7.249353080,1967.0
7.271085960,1966.0
7.292818840,2066.0
7.314551720,1976.0
7.336284600,1999.0
7.358017480,1964.0
7.379750360,1935.0
7.401483240,1898.0
7.423216120,1867.0
7.444949000,1901.0
7.466681880,2081.0
7.488414760,1910.0
7.510147640,1929.0
7.531880520,1967.0
7.553613400,1955.0
7.575346280,1986.0
7.597079160,1848.0
7.618812040,1889.0
7.640544920,1920.0
7.662277800,1951.0
7.684010680,1937.0
7.705743560,1878.0
7.727476440,1852.0
7.749209320,1855.0
7.770942200,1861.0
7.792675080,1809.0
7.814407960,1918.0
7.836140840,1839.0
7.857873720,1913.0
7.879606600,1870.0
7.901339480,1834.0
7.923072360,1763.0
7.944805240,1873.0
7.966538120,1888.0
7.988271000,1876.0
8.010003880,1876.0
8.031736760,1842.0
8.053469640,1748.0
8.075202520,1766.0
8.096935400,1961.0
8.118668280,1820.0
8.140401160,1754.0
8.162134040,1719.0
8.183866920,1742.0
8.205599800,1713.0
8.227332680,1728.0
8.249065560,1838.0
8.270798440,1763.0
8.292531320,1775.0
8.314264200,1830.0
8.335997080,1805.0
8.357729960,1756.0
8.379462840,1765.0
8.401195720,1654.0
8.422928600,1827.0
8.444661480,1775.0
8.466394360,1663.0
8.488127240,1694.0
8.509860120,1724.0
8.531593000,1736.0
8.553325880,1694.0
8.575058760,1736.0
8.596791640,1758.0
8.618524520,1730.0
8.640257400,1648.0
8.661990280,1778.0
8.683723160,1779.0
8.705456040,1725.0
8.727188920,1746.0
8.748921800,1691.0
8.770654680,1738.0
8.792387560,1686.0
8.814120440,1669.0
8.835853320,1627.0
8.857586200,1801.0
8.879319080,1645.0
8.901051960,1670.0
8.922784840,1696.0
8.944517720,1676.0
8.966250600,1709.0
8.987983480,1704.0
9.009716360,1688.0
9.031449240,1787.0
9.053182120,1688.0
9.074915000,1664.0
9.096647880,1663.0
9.118380760,1667.0
9.140113640,1646.0
9.161846520,1709.0
9.183579400,1700.0
9.205312280,1674.0
9.227045160,1634.0
9.248778040,1699.0
9.270510920,1638.0
9.292243800,1669.0
9.313976680,1648.0
9.335709560,1606.0
9.357442440,1644.0
9.379175320,1607.0
9.400908200,1654.0
9.422641080,1623.0
9.444373960,1725.0
9.466106840,1694.0
9.487839720,1647.0
9.509572600,1699.0
9.531305480,1695.0
9.553038360,1597.0
9.574771240,1714.0
9.596504120,1738.0
9.618237000,1684.0
9.639969880,1736.0
9.661702760,1667.0
9.683435640,1654.0
9.705168520,1598.0
9.726901400,1716.0
9.748634280,1671.0
9.770367160,1716.0
9.792100040,1670.0
9.813832920,1691.0
9.835565800,1647.0
9.857298680,1694.0
9.879031560,1620.0
9.900764440,1716.0
9.922497320,1656.0
9.944230200,1673.0
9.965963080,1742.0
9.987695960,1624.0
10.009428840,1734.0
10.031161720,1685.0
10.052894600,1636.0
10.074627480,1661.0
10.096360360,1697.0
10.118093240,1655.0
10.139826120,1671.0
10.161559000,1649.0
10.183291880,1665.0
10.205024760,1724.0
10.226757640,1635.0
10.248490520,1662.0
10.270223400,1723.0
10.291956280,1741.0
10.313689160,1643.0
10.335422040,1656.0
10.357154920,1628.0
10.378887800,1646.0
10.400620680,1667.0
10.422353560,1657.0
10.444086440,1682.0
10.465819320,1722.0
10.487552200,1686.0
10.509285080,1716.0
10.531017960,1745.0
10.552750840,1697.0
10.574483720,1724.0
10.596216600,1774.0
10.617949480,1657.0
10.639682360,1703.0
10.661415240,1748.0
10.683148120,1637.0
10.704881000,1686.0
10.726613880,1692.0
10.748346760,1643.0
10.770079640,1681.0
10.791812520,1702.0
10.813545400,1758.0
10.835278280,1733.0
10.857011160,1697.0
10.878744040,1712.0
10.900476920,1684.0
10.922209800,1726.0
10.943942680,1749.0
10.965675560,1710.0
10.987408440,1755.0
11.009141320,1712.0
11.030874200,1717.0
11.052607080,1738.0
11.074339960,1746.0
11.096072840,1727.0
11.117805720,1616.0
11.139538600,1734.0
11.161271480,1756.0
11.183004360,1725.0
11.204737240,1658.0
11.226470120,1687.0
11.248203000,1816.0
11.269935880,1756.0
11.291668760,1746.0
11.313401640,1676.0
11.335134520,1679.0
11.356867400,1691.0
11.378600280,1732.0
11.400333160,1740.0
11.422066040,1815.0
11.443798920,1699.0
11.465531800,1729.0
11.487264680,1810.0
11.508997560,1716.0
11.530730440,1786.0
11.552463320,1750.0
11.574196200,1741.0
11.595929080,1757.0
11.617661960,1758.0
11.639394840,1769.0
11.661127720,1745.0
11.682860600,1708.0
11.704593480,1730.0
11.726326360,1748.0
11.748059240,1749.0
11.769792120,1765.0
11.791525000,1682.0
11.813257880,1707.0
11.834990760,1691.0
11.856723640,1725.0
11.878456520,1734.0
11.900189400,1750.0
11.921922280,1738.0
11.943655160,1709.0
11.965388040,1770.0
11.987120920,1782.0
12.008853800,1795.0
12.030586680,1711.0
12.052319560,1860.0
12.074052440,1825.0
12.095785320,1947.0
12.117518200,1759.0
12.139251080,1856.0
12.160983960,1765.0
12.182716840,1858.0
12.204449720,1754.0
12.226182600,1749.0
12.247915480,1687.0
12.269648360,1764.0
12.291381240,1819.0
12.313114120,1815.0
12.334847000,1852.0
12.356579880,1772.0
12.378312760,1882.0
12.400045640,1823.0
12.421778520,1905.0
12.443511400,1806.0
12.465244280,1844.0
12.486977160,1773.0
12.508710040,1773.0
12.530442920,1774.0
12.552175800,1775.0
12.573908680,1795.0
12.595641560,1823.0
12.617374440,1868.0
12.639107320,1725.0
12.660840200,1784.0
12.682573080,1806.0
12.704305960,1745.0
12.726038840,1815.0
12.747771720,1800.0
12.769504600,1824.0
12.791237480,1859.0
12.812970360,1840.0
12.834703240,1821.0
12.856436120,1781.0
12.878169000,1833.0
12.899901880,1883.0
12.921634760,1886.0
12.943367640,1782.0
12.965100520,1826.0
12.986833400,1816.0
13.008566280,1774.0
13.030299160,1880.0
13.052032040,1831.0
13.073764920,1858.0
13.095497800,1827.0
13.117230680,1812.0
13.138963560,1855.0
13.160696440,1844.0
13.182429320,1916.0
13.204162200,1878.0
13.225895080,1839.0
13.247627960,1873.0
13.269360840,1859.0
13.291093720,1911.0
13.312826600,1886.0
13.334559480,1893.0
13.356292360,1912.0
13.378025240,1829.0
13.399758120,1835.0
13.421491000,1860.0
13.443223880,1803.0
13.464956760,1817.0
13.486689640,1855.0
13.508422520,1893.0
13.530155400,1917.0
13.551888280,1977.0
13.573621160,1861.0
13.595354040,1812.0
13.617086920,1816.0
13.638819800,1895.0
13.660552680,1862.0
13.682285560,1858.0
13.704018440,1931.0
13.725751320,1807.0
13.747484200,1860.0
13.769217080,1789.0
13.790949960,1849.0
13.812682840,1913.0
13.834415720,1833.0
13.856148600,1810.0
13.877881480,1820.0
13.899614360,1863.0
13.921347240,1915.0
13.943080120,1833.0
13.964813000,1858.0
13.986545880,1821.0
14.008278760,1890.0
14.030011640,1874.0
14.051744520,1864.0
14.073477400,1881.0
14.095210280,1873.0
14.116943160,1865.0
14.138676040,1762.0
14.160408920,1906.0
14.182141800,1872.0
14.203874680,1873.0
14.225607560,1886.0
14.247340440,1854.0
14.269073320,1817.0
14.290806200,1848.0
14.312539080,1871.0
14.334271960,1857.0
14.356004840,1967.0
14.377737720,1913.0
14.399470600,1805.0
14.421203480,1799.0
14.442936360,1900.0
14.464669240,1845.0
14.486402120,1934.0
14.508135000,1972.0
14.529867880,1948.0
14.551600760,1929.0
14.573333640,1918.0
14.595066520,1922.0
14.616799400,1916.0
14.638532280,1920.0
14.660265160,1917.0
14.681998040,1962.0
14.703730920,1925.0
14.725463800,1943.0
14.747196680,1827.0
14.768929560,1944.0
14.790662440,1972.0
14.812395320,1996.0
14.834128200,1982.0
14.855861080,1992.0
14.877593960,2033.0
14.899326840,2008.0
14.921059720,2002.0
14.942792600,2029.0
14.964525480,1996.0
14.986258360,2011.0
15.007991240,1900.0
15.029724120,1976.0
15.051457000,2018.0
15.073189880,1947.0
15.094922760,2017.0
15.116655640,1940.0
15.138388520,1932.0
15.160121400,1919.0
15.181854280,1990.0
15.203587160,1921.0
15.225320040,1896.0
15.247052920,1967.0
15.268785800,1945.0
15.290518680,1956.0
15.312251560,1997.0
15.333984440,1970.0
15.355717320,2003.0
15.377450200,1995.0
15.399183080,1996.0
15.420915960,2006.0
15.442648840,2026.0
15.464381720,1949.0
15.486114600,2006.0
15.507847480,2014.0
15.529580360,2022.0
15.551313240,1934.0
15.573046120,1997.0
15.594779000,2032.0
15.616511880,2025.0
15.638244760,2031.0
15.659977640,1910.0
15.681710520,1896.0
15.703443400,1969.0
15.725176280,1947.0
15.746909160,1947.0
15.768642040,1996.0
15.790374920,2046.0
15.812107800,1974.0
15.833840680,1922.0
15.855573560,1910.0
15.877306440,2027.0
15.899039320,2014.0
15.920772200,1972.0
15.942505080,2026.0
15.964237960,1975.0
15.985970840,2016.0
16.007703720,2046.0
16.029436600,1933.0
16.051169480,1988.0
16.072902360,1934.0
16.094635240,2033.0
16.116368120,2039.0
16.138101000,1992.0
16.159833880,2061.0
16.181566760,1955.0
16.203299640,2041.0
16.225032520,2028.0
16.246765400,2000.0
16.268498280,1928.0
16.290231160,2084.0
16.311964040,2031.0
16.333696920,1975.0
16.355429800,2071.0
16.377162680,2067.0
16.398895560,1983.0
16.420628440,1971.0
16.442361320,2017.0
16.464094200,2097.0
16.485827080,2032.0
16.507559960,2073.0
16.529292840,2087.0
16.551025720,1968.0
16.572758600,2054.0
16.594491480,2005.0
16.616224360,1993.0
16.637957240,2003.0
16.659690120,2008.0
16.681423000,1911.0
16.703155880,2036.0
16.724888760,1948.0
16.746621640,1983.0
16.768354520,2013.0
16.790087400,2020.0
16.811820280,2116.0
16.833553160,2011.0
16.855286040,1941.0
16.877018920,1923.0
16.898751800,2024.0
16.920484680,2003.0
16.942217560,2042.0
16.963950440,2048.0
16.985683320,1987.0
17.007416200,2094.0
17.029149080,2031.0
17.050881960,2020.0
17.072614840,2112.0
17.094347720,2012.0
17.116080600,2152.0
17.137813480,2095.0
17.159546360,2050.0
17.181279240,2140.0
17.203012120,2017.0
17.224745000,2032.0
17.246477880,2042.0
17.268210760,2007.0
17.289943640,2071.0
17.311676520,1993.0
17.333409400,2088.0
17.355142280,2020.0
17.376875160,2067.0
17.398608040,2075.0
17.420340920,2137.0
17.442073800,2061.0
17.463806680,2058.0
17.485539560,2080.0
17.507272440,2042.0
17.529005320,2113.0
17.550738200,2120.0
17.572471080,2124.0
17.594203960,2046.0
17.615936840,1984.0
17.637669720,2064.0
17.659402600,2062.0
17.681135480,2067.0
17.702868360,2067.0
17.724601240,2223.0
17.746334120,2009.0
17.768067000,2050.0
17.789799880,1974.0
17.811532760,2096.0
17.833265640,2120.0
17.854998520,2130.0
17.876731400,2135.0
17.898464280,2109.0
17.920197160,2122.0
17.941930040,2219.0
17.963662920,2088.0
17.985395800,2166.0
18.007128680,2148.0
18.028861560,2124.0
18.050594440,2158.0
18.072327320,2126.0
18.094060200,2099.0
18.115793080,2108.0
18.137525960,2028.0
18.159258840,2062.0
18.180991720,2078.0
18.202724600,2079.0
18.224457480,2022.0
18.246190360,2071.0
18.267923240,2062.0
18.289656120,2062.0
18.311389000,2094.0
18.333121880,2007.0
18.354854760,2029.0
18.376587640,2145.0
18.398320520,2063.0
18.420053400,2128.0
18.441786280,2069.0
18.463519160,2095.0
18.485252040,2053.0
18.506984920,2148.0
18.528717800,2058.0
18.550450680,1989.0
18.572183560,2116.0
18.593916440,2076.0
18.615649320,2172.0
18.637382200,2145.0
18.659115080,2193.0
18.680847960,2140.0
18.702580840,2087.0
18.724313720,2097.0
18.746046600,2176.0
18.767779480,2243.0
18.789512360,2114.0
18.811245240,2057.0
18.832978120,2136.0
18.854711000,2160.0
18.876443880,2166.0
18.898176760,2100.0
18.919909640,2075.0
18.941642520,2136.0
18.963375400,2213.0
18.985108280,2206.0
19.006841160,2122.0
19.028574040,2174.0
19.050306920,2183.0
19.072039800,2173.0
19.093772680,2081.0
19.115505560,2148.0
19.137238440,2089.0
19.158971320,2210.0
19.180704200,2113.0
19.202437080,2077.0
19.224169960,2071.0
19.245902840,2095.0
19.267635720,2108.0
19.289368600,2102.0
19.311101480,2179.0
19.332834360,2096.0
19.354567240,2127.0
19.376300120,2146.0
19.398033000,2206.0
19.419765880,2180.0
19.441498760,2057.0
19.463231640,2137.0
19.484964520,2162.0
19.506697400,2142.0
19.528430280,2066.0
19.550163160,2142.0
19.571896040,2163.0
19.593628920,2139.0
19.615361800,2094.0
19.637094680,2097.0
19.658827560,2141.0
19.680560440,2087.0
19.702293320,2149.0
19.724026200,2186.0
19.745759080,2191.0
19.767491960,2179.0
19.789224840,2149.0
19.810957720,2129.0
19.832690600,2117.0
19.854423480,2194.0
19.876156360,2148.0
19.897889240,2144.0
19.919622120,2247.0
19.941355000,2260.0
19.963087880,2124.0
19.984820760,2190.0
20.006553640,2149.0
20.028286520,2209.0
20.050019400,2212.0
20.071752280,2213.0
20.093485160,2168.0
20.115218040,2258.0
20.136950920,2162.0
20.158683800,2167.0
20.180416680,2199.0
20.202149560,2093.0
20.223882440,2101.0
20.245615320,2145.0
20.267348200,2193.0
20.289081080,2115.0
20.310813960,2152.0
20.332546840,2142.0
20.354279720,2086.0
20.376012600,2232.0
20.397745480,2177.0
20.419478360,2157.0
20.441211240,2146.0
20.462944120,2231.0
20.484677000,2274.0
20.506409880,2207.0
20.528142760,2080.0
20.549875640,2193.0
20.571608520,2179.0
20.593341400,2190.0
20.615074280,2192.0
20.636807160,2215.0
20.658540040,2122.0
20.680272920,2108.0
20.702005800,2159.0
20.723738680,2094.0
20.745471560,2139.0
20.767204440,2136.0
20.788937320,2135.0
20.810670200,2093.0
20.832403080,2160.0
20.854135960,2123.0
20.875868840,2126.0
20.897601720,2175.0
20.919334600,2071.0
20.941067480,2129.0
20.962800360,2059.0
20.984533240,2129.0
21.006266120,2086.0
21.027999000,2167.0
21.049731880,2168.0
21.071464760,2223.0
21.093197640,2219.0
21.114930520,2007.0
21.136663400,2111.0
21.158396280,2099.0
21.180129160,2045.0
21.201862040,2059.0
21.223594920,2147.0
21.245327800,2063.0
21.267060680,2192.0
21.288793560,2147.0
21.310526440,2136.0
21.332259320,2164.0
21.353992200,2075.0
21.375725080,2145.0
21.397457960,2055.0
21.419190840,2151.0
21.440923720,2201.0
21.462656600,2153.0
21.484389480,2080.0
21.506122360,2256.0
21.527855240,2147.0
21.549588120,2163.0
21.571321000,2190.0
21.593053880,2133.0
21.614786760,2149.0
21.636519640,2145.0
21.658252520,2049.0
21.679985400,2020.0
21.701718280,2128.0
21.723451160,2099.0
21.745184040,2190.0
21.766916920,2180.0
21.788649800,2149.0
21.810382680,2114.0
21.832115560,2215.0
21.853848440,2178.0
21.875581320,2114.0
21.897314200,2125.0
21.919047080,2105.0
21.940779960,2226.0
21.962512840,2124.0
21.984245720,2135.0
22.005978600,2286.0
22.027711480,2178.0
22.049444360,2132.0
22.071177240,2172.0
22.092910120,2233.0
22.114643000,2288.0
22.136375880,2255.0
22.158108760,2329.0
22.179841640,2259.0
22.201574520,2216.0
22.223307400,2271.0
22.245040280,2236.0
22.266773160,2397.0
22.288506040,2361.0
22.310238920,2486.0
22.331971800,2492.0
22.353704680,2464.0
22.375437560,2544.0
22.397170440,2552.0
22.418903320,2643.0
22.440636200,2456.0
22.462369080,2400.0
22.484101960,2409.0
22.505834840,2417.0
22.527567720,2327.0
22.549300600,2301.0
22.571033480,2287.0
22.592766360,2225.0
22.614499240,2241.0
22.636232120,2193.0
22.657965000,2164.0
22.679697880,2084.0
22.701430760,2069.0
22.723163640,2082.0
22.744896520,2212.0
22.766629400,2157.0
22.788362280,2113.0
22.810095160,2078.0
22.831828040,2173.0
22.853560920,2009.0
22.875293800,2026.0
22.897026680,2088.0
22.918759560,2124.0
22.940492440,2054.0
22.962225320,2107.0
22.983958200,2040.0
23.005691080,2070.0
23.027423960,2125.0
23.049156840,2066.0
23.070889720,2061.0
23.092622600,2051.0
23.114355480,2054.0
23.136088360,2072.0
23.157821240,2071.0
23.179554120,2125.0
23.201287000,2061.0
23.223019880,2143.0
23.244752760,2103.0
23.266485640,2040.0
23.288218520,2026.0
23.309951400,2049.0
23.331684280,2097.0
23.353417160,2020.0
23.375150040,2134.0
23.396882920,2137.0
23.418615800,2065.0
23.440348680,2104.0
23.462081560,2116.0
23.483814440,2056.0
23.505547320,2053.0
23.527280200,1993.0
23.549013080,2065.0
23.570745960,2004.0
23.592478840,2054.0
23.614211720,1974.0
23.635944600,2014.0
23.657677480,2050.0
23.679410360,2040.0
23.701143240,2011.0
23.722876120,2068.0
23.744609000,2131.0
23.766341880,2031.0
23.788074760,2007.0
23.809807640,2020.0
23.831540520,2033.0
23.853273400,2010.0
23.875006280,1991.0
23.896739160,2019.0
23.918472040,1999.0
23.940204920,2110.0
23.961937800,2068.0
23.983670680,2032.0
24.005403560,1994.0
24.027136440,2138.0
24.048869320,2150.0
24.070602200,2113.0
24.092335080,2155.0
24.114067960,2206.0
24.135800840,2069.0
24.157533720,2098.0
24.179266600,2028.0
24.200999480,2010.0
24.222732360,2010.0
24.244465240,2035.0
24.266198120,1992.0
24.287931000,1954.0
24.309663880,1961.0
24.331396760,2015.0
24.353129640,1923.0
24.374862520,1917.0
24.396595400,1959.0
24.418328280,2030.0
24.440061160,2058.0
24.461794040,1999.0
24.483526920,1913.0
24.505259800,1905.0
24.526992680,1941.0
24.548725560,1862.0
24.570458440,1947.0
24.592191320,2039.0
24.613924200,1892.0
24.635657080,1934.0
24.657389960,1898.0
24.679122840,1841.0
24.700855720,1906.0
24.722588600,1997.0
24.744321480,1883.0
24.766054360,1857.0
24.787787240,1936.0
24.809520120,1927.0
24.831253000,2034.0
24.852985880,1936.0
24.874718760,1938.0
24.896451640,1911.0
24.918184520,1895.0
24.939917400,1847.0
24.961650280,1864.0
24.983383160,1847.0
25.005116040,1844.0
25.026848920,1856.0
25.048581800,1916.0
25.070314680,1902.0
25.092047560,1865.0
25.113780440,1924.0
25.135513320,1871.0
25.157246200,1858.0
25.178979080,1809.0
25.200711960,1841.0
25.222444840,1876.0
25.244177720,1918.0
25.265910600,1985.0
25.287643480,1924.0
25.309376360,1991.0
25.331109240,1912.0
25.352842120,1970.0
25.374575000,1918.0
25.396307880,1903.0
25.418040760,1926.0
25.439773640,1860.0
25.461506520,1901.0
25.483239400,1874.0
25.504972280,1796.0
25.526705160,1908.0
25.548438040,1907.0
25.570170920,1799.0
25.591903800,1901.0
25.613636680,1906.0
25.635369560,1851.0
25.657102440,1866.0
25.678835320,1852.0
25.700568200,1856.0
25.722301080,1875.0
25.744033960,1909.0
25.765766840,1825.0
25.787499720,1859.0
25.809232600,1942.0
25.830965480,1933.0
25.852698360,1856.0
25.874431240,1902.0
25.896164120,1906.0
25.917897000,1818.0
25.939629880,1904.0
25.961362760,1851.0
25.983095640,1809.0
26.004828520,1874.0
26.026561400,1802.0
26.048294280,1790.0
26.070027160,1837.0
26.091760040,1759.0
26.113492920,1849.0
26.135225800,1916.0
26.156958680,1795.0
26.178691560,1731.0
26.200424440,1767.0
26.222157320,1724.0
26.243890200,1863.0
26.265623080,1755.0
26.287355960,1807.0
26.309088840,1848.0
26.330821720,1810.0
26.352554600,1823.0
26.374287480,1823.0
26.396020360,1848.0
26.417753240,1744.0
26.439486120,1774.0
26.461219000,1725.0
26.482951880,1754.0
26.504684760,1784.0
26.526417640,1735.0
26.548150520,1710.0
26.569883400,1711.0
26.591616280,1671.0
26.613349160,1665.0
26.635082040,1773.0
26.656814920,1745.0
26.678547800,1734.0
26.700280680,1711.0
26.722013560,1744.0
26.743746440,1764.0
26.765479320,1751.0
26.787212200,1770.0
26.808945080,1797.0
26.830677960,1805.0
26.852410840,1702.0
26.874143720,1658.0
26.895876600,1719.0
26.917609480,1723.0
26.939342360,1644.0
26.961075240,1775.0
26.982808120,1723.0
27.004541000,1679.0
27.026273880,1700.0
27.048006760,1696.0
27.069739640,1583.0
27.091472520,1635.0
27.113205400,1644.0
27.134938280,1658.0
27.156671160,1725.0
27.178404040,1726.0
27.200136920,1673.0
27.221869800,1768.0
27.243602680,1661.0
27.265335560,1738.0
27.287068440,1684.0
27.308801320,1697.0
27.330534200,1704.0
27.352267080,1638.0
27.373999960,1705.0
27.395732840,1691.0
27.417465720,1682.0
27.439198600,1717.0
27.460931480,1635.0
27.482664360,1603.0
27.504397240,1695.0
27.526130120,1686.0
27.547863000,1720.0
27.569595880,1721.0
27.591328760,1695.0
27.613061640,1651.0
27.634794520,1727.0
27.656527400,1641.0
27.678260280,1654.0
27.699993160,1645.0
27.721726040,1638.0
27.743458920,1697.0
27.765191800,1666.0
27.786924680,1766.0
27.808657560,1741.0
27.830390440,1694.0
27.852123320,1718.0
27.873856200,1682.0
27.895589080,1817.0
27.917321960,1841.0
27.939054840,1873.0
27.960787720,1807.0
27.982520600,1877.0
28.004253480,1869.0
28.025986360,1959.0
28.047719240,1856.0
28.069452120,1922.0
28.091185000,1792.0
28.112917880,1899.0
28.134650760,1711.0
28.156383640,1766.0
28.178116520,1765.0
28.199849400,1724.0
28.221582280,1694.0
28.243315160,1732.0
28.265048040,1622.0
28.286780920,1613.0
28.308513800,1660.0
28.330246680,1684.0
28.351979560,1677.0
28.373712440,1744.0
28.395445320,1726.0
28.417178200,1679.0
28.438911080,1638.0
28.460643960,1617.0
28.482376840,1697.0
28.504109720,1694.0
28.525842600,1686.0
28.547575480,1687.0
28.569308360,1754.0
28.591041240,1656.0
28.612774120,1719.0
28.634507000,1670.0
28.656239880,1699.0
28.677972760,1776.0
28.699705640,1693.0
28.721438520,1781.0
28.743171400,1783.0
28.764904280,1741.0
28.786637160,1702.0
28.808370040,1738.0
28.830102920,1854.0
28.851835800,1808.0
28.873568680,1769.0
28.895301560,1811.0
28.917034440,1656.0
28.938767320,1707.0
28.960500200,1774.0
28.982233080,1708.0
29.003965960,1673.0
29.025698840,1731.0
29.047431720,1626.0
29.069164600,1678.0
29.090897480,1655.0
29.112630360,1650.0
29.134363240,1626.0
29.156096120,1633.0
29.177829000,1623.0
29.199561880,1659.0
29.221294760,1607.0
29.243027640,1655.0
29.264760520,1642.0
29.286493400,1580.0
29.308226280,1593.0
29.329959160,1588.0
29.351692040,1507.0
29.373424920,1585.0
29.395157800,1565.0
29.416890680,1544.0
29.438623560,1545.0
29.460356440,1588.0
29.482089320,1534.0
29.503822200,1520.0
29.525555080,1536.0
29.547287960,1569.0
29.569020840,1591.0
29.590753720,1608.0
29.612486600,1614.0
29.634219480,1616.0
29.655952360,1522.0
29.677685240,1552.0
29.699418120,1472.0
29.721151000,1553.0
29.742883880,1525.0
29.764616760,1653.0
29.786349640,1518.0
29.808082520,1443.0
29.829815400,1521.0
29.851548280,1532.0
29.873281160,1462.0
29.895014040,1494.0
29.916746920,1514.0
29.938479800,1470.0
29.960212680,1535.0
29.981945560,1596.0
30.003678440,1646.0
30.025411320,1638.0
30.047144200,1711.0
30.068877080,1586.0
30.090609960,1606.0
30.112342840,1633.0
30.134075720,1557.0
30.155808600,1647.0
30.177541480,1681.0
30.199274360,1569.0
30.221007240,1470.0
30.242740120,1469.0
30.264473000,1442.0
30.286205880,1472.0
30.307938760,1532.0
30.329671640,1539.0
30.351404520,1438.0
30.373137400,1496.0
30.394870280,1456.0
30.416603160,1465.0
30.438336040,1424.0
30.460068920,1476.0
30.481801800,1365.0
30.503534680,1394.0
30.525267560,1369.0
30.547000440,1480.0
30.568733320,1443.0
30.590466200,1418.0
30.612199080,1458.0
30.633931960,1431.0
30.655664840,1520.0
30.677397720,1383.0
30.699130600,1430.0
30.720863480,1448.0
30.742596360,1357.0
30.764329240,1424.0
30.786062120,1421.0
30.807795000,1507.0
30.829527880,1429.0
30.851260760,1388.0
30.872993640,1364.0
30.894726520,1400.0
30.916459400,1448.0
30.938192280,1356.0
30.959925160,1433.0
30.981658040,1425.0
31.003390920,1435.0
31.025123800,1447.0
31.046856680,1371.0
31.068589560,1373.0
31.090322440,1410.0
31.112055320,1435.0
31.133788200,1367.0
31.155521080,1412.0
31.177253960,1389.0
31.198986840,1358.0
31.220719720,1375.0
31.242452600,1394.0
31.264185480,1338.0
31.285918360,1331.0
31.307651240,1380.0
31.329384120,1390.0
31.351117000,1391.0
31.372849880,1314.0
31.394582760,1391.0
31.416315640,1359.0
31.438048520,1357.0
31.459781400,1375.0
31.481514280,1310.0
31.503247160,1370.0
31.524980040,1338.0
31.546712920,1279.0
31.568445800,1357.0
31.590178680,1380.0
31.611911560,1382.0
31.633644440,1315.0
31.655377320,1280.0
31.677110200,1293.0
31.698843080,1416.0
31.720575960,1346.0
31.742308840,1322.0
31.764041720,1299.0
31.785774600,1370.0
31.807507480,1201.0
31.829240360,1231.0
31.850973240,1287.0
31.872706120,1273.0
31.894439000,1255.0
31.916171880,1333.0
31.937904760,1280.0
31.959637640,1326.0
31.981370520,1301.0
32.003103400,1345.0
32.024836280,1305.0
32.046569160,1289.0
32.068302040,1298.0
32.090034920,1301.0
32.111767800,1355.0
32.133500680,1383.0
32.155233560,1339.0
32.176966440,1299.0
32.198699320,1287.0
32.220432200,1229.0
32.242165080,1313.0
32.263897960,1331.0
32.285630840,1306.0
32.307363720,1258.0
32.329096600,1334.0
32.350829480,1209.0
32.372562360,1283.0
32.394295240,1223.0
32.416028120,1272.0
32.437761000,1196.0
32.459493880,1254.0
32.481226760,1264.0
32.502959640,1267.0
32.524692520,1260.0
32.546425400,1250.0
32.568158280,1279.0
32.589891160,1258.0
32.611624040,1311.0
32.633356920,1308.0
32.655089800,1238.0
32.676822680,1251.0
32.698555560,1196.0
32.720288440,1206.0
32.742021320,1264.0
32.763754200,1183.0
32.785487080,1216.0
32.807219960,1211.0
32.828952840,1284.0
32.850685720,1179.0
32.872418600,1247.0
32.894151480,1158.0
32.915884360,1155.0
32.937617240,1135.0
32.959350120,1174.0
32.981083000,1176.0
33.002815880,1128.0
33.024548760,1127.0
33.046281640,1187.0
33.068014520,1133.0
33.089747400,1141.0
33.111480280,1126.0
33.133213160,1174.0
33.154946040,1092.0
33.176678920,1078.0
33.198411800,1129.0
33.220144680,1159.0
33.241877560,1117.0
33.263610440,1123.0
33.285343320,1112.0
33.307076200,1038.0
33.328809080,1052.0
33.350541960,1063.0
33.372274840,1045.0
33.394007720,1097.0
33.415740600,1117.0
33.437473480,1117.0
33.459206360,1134.0
33.480939240,1123.0
33.502672120,1128.0
33.524405000,1089.0
33.546137880,1080.0
33.567870760,1061.0
33.589603640,1079.0
33.611336520,1098.0
33.633069400,1015.0
33.654802280,1048.0
33.676535160,1042.0
33.698268040,1015.0
33.720000920,1072.0
33.741733800,1119.0
33.763466680,1033.0
33.785199560,1031.0
33.806932440,1015.0
33.828665320,1005.0
33.850398200,1034.0
33.872131080,988.0
33.893863960,992.0
33.915596840,987.0
33.937329720,983.0
33.959062600,982.0
33.980795480,1016.0
34.002528360,1002.0
34.024261240,943.0
34.045994120,1008.0
34.067727000,975.0
34.089459880,1015.0
34.111192760,1022.0
34.132925640,974.0
34.154658520,1001.0
34.176391400,981.0
34.198124280,971.0
34.219857160,950.0
34.241590040,997.0
34.263322920,951.0
34.285055800,930.0
34.306788680,1033.0
34.328521560,1010.0
34.350254440,994.0
34.371987320,953.0
34.393720200,1019.0
34.415453080,1020.0
34.437185960,990.0
34.458918840,972.0
34.480651720,979.0
34.502384600,910.0
34.524117480,920.0
34.545850360,984.0
34.567583240,970.0
34.589316120,921.0
34.611049000,965.0
34.632781880,965.0
34.654514760,1009.0
34.676247640,902.0
34.697980520,900.0
34.719713400,970.0
34.741446280,985.0
34.763179160,930.0
34.784912040,964.0
34.806644920,911.0
34.828377800,958.0
34.850110680,969.0
34.871843560,964.0
34.893576440,960.0
34.915309320,929.0
34.937042200,989.0
34.958775080,948.0
34.980507960,895.0
35.002240840,931.0
35.023973720,910.0
35.045706600,883.0
35.067439480,907.0
35.089172360,919.0
35.110905240,888.0
35.132638120,891.0
35.154371000,870.0
35.176103880,840.0
35.197836760,898.0
35.219569640,923.0
35.241302520,863.0
35.263035400,924.0
35.284768280,920.0
35.306501160,909.0
35.328234040,870.0
35.349966920,885.0
35.371699800,887.0
35.393432680,870.0
35.415165560,900.0
35.436898440,893.0
35.458631320,880.0
35.480364200,878.0
35.502097080,861.0
35.523829960,847.0
35.545562840,870.0
35.567295720,850.0
35.589028600,823.0
35.610761480,822.0
35.632494360,839.0
35.654227240,870.0
35.675960120,876.0
35.697693000,815.0
35.719425880,878.0
35.741158760,924.0
35.762891640,815.0
35.784624520,911.0
35.806357400,829.0
35.828090280,805.0
35.849823160,782.0
35.871556040,874.0
35.893288920,833.0
35.915021800,778.0
35.936754680,836.0
35.958487560,829.0
35.980220440,861.0
36.001953320,847.0
36.023686200,792.0
36.045419080,858.0
36.067151960,850.0
36.088884840,876.0
36.110617720,817.0
36.132350600,814.0
36.154083480,887.0
36.175816360,917.0
36.197549240,905.0
36.219282120,827.0
36.241015000,866.0
36.262747880,879.0
36.284480760,878.0
36.306213640,810.0
36.327946520,800.0
36.349679400,802.0
36.371412280,884.0
36.393145160,848.0
36.414878040,829.0
36.436610920,817.0
36.458343800,837.0
36.480076680,837.0
36.501809560,826.0
36.523542440,857.0
36.545275320,775.0
36.567008200,822.0
36.588741080,750.0
36.610473960,750.0
36.632206840,815.0
36.653939720,770.0
36.675672600,766.0
36.697405480,815.0
36.719138360,847.0
36.740871240,811.0
36.762604120,773.0
36.784337000,798.0
36.806069880,784.0
36.827802760,796.0
36.849535640,834.0
36.871268520,859.0
36.893001400,805.0
36.914734280,863.0
36.936467160,860.0
36.958200040,855.0
36.979932920,831.0
37.001665800,761.0
37.023398680,840.0
37.045131560,858.0
37.066864440,884.0
37.088597320,793.0
37.110330200,841.0
37.132063080,808.0
37.153795960,830.0
37.175528840,837.0
37.197261720,830.0
37.218994600,816.0
37.240727480,789.0
37.262460360,825.0
37.284193240,842.0
37.305926120,811.0
37.327659000,824.0
37.349391880,808.0
37.371124760,747.0
37.392857640,791.0
37.414590520,784.0
37.436323400,805.0
37.458056280,730.0
37.479789160,771.0
37.501522040,768.0
37.523254920,784.0
37.544987800,765.0
37.566720680,800.0
37.588453560,786.0
37.610186440,780.0
37.631919320,765.0
37.653652200,801.0
37.675385080,797.0
37.697117960,833.0
37.718850840,790.0
37.740583720,816.0
37.762316600,761.0
37.784049480,863.0
37.805782360,878.0
37.827515240,860.0
37.849248120,850.0
37.870981000,907.0
37.892713880,892.0
37.914446760,889.0
37.936179640,896.0
37.957912520,931.0
37.979645400,983.0
38.001378280,1024.0
38.023111160,1086.0
38.044844040,1145.0
38.066576920,1279.0
38.088309800,1339.0
38.110042680,1598.0
38.131775560,1885.0
38.153508440,2258.0
38.175241320,2710.0
38.196974200,3169.0
38.218707080,3670.0
38.240439960,3927.0
38.262172840,4258.0
38.283905720,4123.0
38.305638600,3957.0
38.327371480,3630.0
38.349104360,3249.0
38.370837240,2830.0
38.392570120,2554.0
38.414303000,2172.0
38.436035880,1772.0
38.457768760,1590.0
38.479501640,1309.0
38.501234520,1204.0
38.522967400,1130.0
38.544700280,1074.0
38.566433160,967.0
38.588166040,968.0
38.609898920,928.0
38.631631800,891.0
38.653364680,860.0
38.675097560,909.0
38.696830440,802.0
38.718563320,819.0
38.740296200,824.0
38.762029080,823.0
38.783761960,735.0
38.805494840,808.0
38.827227720,816.0
38.848960600,762.0
38.870693480,734.0
38.892426360,727.0
38.914159240,742.0
38.935892120,724.0
38.957625000,740.0
38.979357880,739.0
39.001090760,734.0
39.022823640,724.0
39.044556520,704.0
39.066289400,707.0
39.088022280,758.0
39.109755160,787.0
39.131488040,682.0
39.153220920,719.0
39.174953800,698.0
39.196686680,775.0
39.218419560,757.0
39.240152440,722.0
39.261885320,700.0
39.283618200,735.0
39.305351080,758.0
39.327083960,749.0
39.348816840,719.0
39.370549720,695.0
39.392282600,751.0
39.414015480,773.0
39.435748360,726.0
39.457481240,742.0
39.479214120,735.0
39.500947000,760.0
39.522679880,733.0
39.544412760,728.0
39.566145640,744.0
39.587878520,763.0
39.609611400,730.0
39.631344280,700.0
39.653077160,694.0
39.674810040,756.0
39.696542920,717.0
39.718275800,745.0
39.740008680,737.0
39.761741560,700.0
39.783474440,715.0
39.805207320,674.0
39.826940200,701.0
39.848673080,703.0
39.870405960,713.0
39.892138840,710.0
39.913871720,727.0
39.935604600,735.0
39.957337480,739.0
39.979070360,717.0
40.000803240,648.0
40.022536120,703.0
40.044269000,761.0
40.066001880,723.0
40.087734760,696.0
40.109467640,755.0
40.131200520,744.0
40.152933400,694.0
40.174666280,717.0
40.196399160,773.0
40.218132040,715.0
40.239864920,772.0
40.261597800,755.0
40.283330680,742.0
40.305063560,795.0
40.326796440,760.0
40.348529320,724.0
40.370262200,729.0
40.391995080,827.0
40.413727960,765.0
40.435460840,716.0
40.457193720,728.0
40.478926600,729.0
40.500659480,819.0
40.522392360,750.0
40.544125240,750.0
40.565858120,784.0
40.587591000,676.0
40.609323880,745.0
40.631056760,802.0
40.652789640,767.0
40.674522520,741.0
40.696255400,760.0
40.717988280,725.0
40.739721160,694.0
40.761454040,760.0
40.783186920,730.0
40.804919800,769.0
40.826652680,745.0
40.848385560,727.0
40.870118440,781.0
40.891851320,761.0
40.913584200,737.0
40.935317080,711.0
40.957049960,709.0
40.978782840,765.0
41.000515720,747.0
41.022248600,751.0
41.043981480,754.0
41.065714360,709.0
41.087447240,754.0
41.109180120,737.0
41.130913000,715.0
41.152645880,737.0
41.174378760,728.0
41.196111640,741.0
41.217844520,745.0
41.239577400,706.0
41.261310280,697.0
41.283043160,725.0
41.304776040,699.0
41.326508920,733.0
41.348241800,708.0
41.369974680,747.0
41.391707560,689.0
41.413440440,743.0
41.435173320,690.0
41.456906200,778.0
41.478639080,742.0
41.500371960,682.0
41.522104840,722.0
41.543837720,679.0
41.565570600,737.0
41.587303480,743.0
41.609036360,712.0
41.630769240,718.0
41.652502120,690.0
41.674235000,743.0
41.695967880,664.0
41.717700760,704.0
41.739433640,695.0
41.761166520,704.0
41.782899400,678.0
41.804632280,676.0
41.826365160,700.0
41.848098040,689.0
41.869830920,667.0
41.891563800,743.0
41.913296680,744.0
41.935029560,672.0
41.956762440,671.0
41.978495320,680.0
42.000228200,674.0
42.021961080,719.0
42.043693960,679.0
42.065426840,652.0
42.087159720,701.0
42.108892600,675.0
42.130625480,681.0
42.152358360,700.0
42.174091240,749.0
42.195824120,784.0
42.217557000,864.0
42.239289880,923.0
42.261022760,998.0
42.282755640,963.0
42.304488520,910.0
42.326221400,895.0
42.347954280,905.0
42.369687160,870.0
42.391420040,831.0
42.413152920,882.0
42.434885800,940.0
42.456618680,940.0
42.478351560,937.0
42.500084440,988.0
42.521817320,1260.0
42.543550200,1591.0
42.565283080,3024.0
42.587015960,6548.0
42.608748840,12551.0
42.630481720,12700.0
42.652214600,6952.0
42.673947480,3284.0
42.695680360,2004.0
42.717413240,1474.0
42.739146120,1231.0
42.760879000,1218.0
42.782611880,1099.0
42.804344760,1072.0
42.826077640,1042.0
42.847810520,973.0
42.869543400,960.0
42.891276280,952.0
42.913009160,892.0
42.934742040,864.0
42.956474920,868.0
42.978207800,873.0
42.999940680,868.0
43.021673560,828.0
43.043406440,799.0
43.065139320,796.0
43.086872200,815.0
43.108605080,772.0
43.130337960,785.0
43.152070840,834.0
43.173803720,800.0
43.195536600,833.0
43.217269480,832.0
43.239002360,807.0
43.260735240,742.0
43.282468120,793.0
43.304201000,794.0
43.325933880,789.0
43.347666760,791.0
43.369399640,794.0
43.391132520,792.0
43.412865400,746.0
43.434598280,776.0
43.456331160,726.0
43.478064040,828.0
43.499796920,792.0
43.521529800,770.0
43.543262680,841.0
43.564995560,816.0
43.586728440,757.0
43.608461320,743.0
43.630194200,812.0
43.651927080,787.0
43.673659960,788.0
43.695392840,812.0
43.717125720,771.0
43.738858600,777.0
43.760591480,808.0
43.782324360,788.0
43.804057240,745.0
43.825790120,798.0
43.847523000,785.0
43.869255880,802.0
43.890988760,771.0
43.912721640,803.0
43.934454520,842.0
43.956187400,829.0
43.977920280,776.0
43.999653160,832.0
44.021386040,791.0
44.043118920,821.0
44.064851800,856.0
44.086584680,836.0
44.108317560,815.0
44.130050440,915.0
44.151783320,872.0
44.173516200,864.0
44.195249080,876.0
44.216981960,874.0
44.238714840,846.0
44.260447720,889.0
44.282180600,938.0
44.303913480,924.0
44.325646360,1009.0
44.347379240,1050.0
44.369112120,1097.0
44.390845000,1203.0
44.412577880,1314.0
44.434310760,1327.0
44.456043640,1331.0
44.477776520,1301.0
44.499509400,1304.0
44.521242280,1423.0
44.542975160,1424.0
44.564708040,1511.0
44.586440920,1418.0
44.608173800,1439.0
44.629906680,1486.0
44.651639560,1362.0
44.673372440,1412.0
44.695105320,1364.0
44.716838200,1266.0
44.738571080,1203.0
44.760303960,1169.0
44.782036840,1153.0
44.803769720,1072.0
44.825502600,1098.0
44.847235480,1065.0
44.868968360,1027.0
44.890701240,976.0
44.912434120,971.0
44.934167000,915.0
44.955899880,948.0
44.977632760,911.0
44.999365640,863.0
45.021098520,877.0
45.042831400,918.0
45.064564280,902.0
45.086297160,836.0
45.108030040,858.0
45.129762920,873.0
45.151495800,853.0
45.173228680,882.0
45.194961560,895.0
45.216694440,934.0
45.238427320,992.0
45.260160200,937.0
45.281893080,913.0
45.303625960,897.0
45.325358840,946.0
45.347091720,989.0
45.368824600,939.0
45.390557480,1008.0
45.412290360,1092.0
45.434023240,1041.0
45.455756120,947.0
45.477489000,1015.0
45.499221880,1086.0
45.520954760,1015.0
45.542687640,1101.0
45.564420520,1098.0
45.586153400,1122.0
45.607886280,1158.0
45.629619160,1223.0
45.651352040,1357.0
45.673084920,1711.0
45.694817800,2648.0
45.716550680,4052.0
45.738283560,4916.0
45.760016440,5408.0
45.781749320,5455.0
45.803482200,5609.0
45.825215080,5495.0
45.846947960,5549.0
45.868680840,5462.0
45.890413720,5556.0
45.912146600,5598.0
45.933879480,5763.0
45.955612360,5684.0
45.977345240,5777.0
45.999078120,5696.0
46.020811000,5865.0
46.042543880,5812.0
46.064276760,5832.0
46.086009640,5896.0
46.107742520,6020.0
46.129475400,5838.0
46.151208280,6097.0
46.172941160,5955.0
46.194674040,5981.0
46.216406920,6086.0
46.238139800,6225.0
46.259872680,6271.0
46.281605560,6213.0
46.303338440,6304.0
46.325071320,6272.0
46.346804200,6193.0
46.368537080,6463.0
46.390269960,6448.0
46.412002840,6481.0
46.433735720,6664.0
46.455468600,6888.0
46.477201480,6769.0
46.498934360,6875.0
46.520667240,6870.0
46.542400120,6930.0
46.564133000,7024.0
46.585865880,7086.0
46.607598760,7202.0
46.629331640,7492.0
46.651064520,7521.0
46.672797400,7587.0
46.694530280,7849.0
46.716263160,7921.0
46.737996040,8296.0
46.759728920,8355.0
46.781461800,8458.0
46.803194680,8897.0
46.824927560,9159.0
46.846660440,9555.0
46.868393320,10105.0
46.890126200,11198.0
46.911859080,13146.0
46.933591960,16107.0
46.955324840,20158.0
46.977057720,23165.0
46.998790600,25447.0
47.020523480,27525.0
47.042256360,29496.0
47.063989240,31579.0
47.085722120,35066.0
47.107455000,38138.0
47.129187880,43647.0
47.150920760,51049.0
47.172653640,60834.0
47.194386520,68248.0
47.216119400,70772.0
47.237852280,70490.0
47.259585160,73343.0
47.281318040,84905.0
47.303050920,111404.0
47.324783800,168132.0
47.346516680,321924.0
47.368249560,900320.0
47.389982440,2773424.0
47.411715320,4166786.0
47.433448200,2263850.0
47.455181080,814334.0
47.476913960,461040.0
47.498646840,750490.0
47.520379720,1742332.0
47.542112600,1941636.0
47.563845480,930980.0
47.585578360,340789.0
47.607311240,161411.0
47.629044120,105443.0
47.650777000,81878.0
47.672509880,69046.0
47.694242760,60072.0
47.715975640,54306.0
47.737708520,48637.0
47.759441400,41258.0
47.781174280,34222.0
47.802907160,28987.0
47.824640040,26229.0
47.846372920,23841.0
47.868105800,21708.0
47.889838680,18339.0
47.911571560,15112.0
47.933304440,13150.0
47.955037320,12243.0
47.976770200,11548.0
47.998503080,10799.0
48.020235960,10654.0
48.041968840,10249.0
48.063701720,9886.0
48.085434600,9358.0
48.107167480,9220.0
48.128900360,8835.0
48.150633240,8584.0
48.172366120,8314.0
48.194099000,8205.0
48.215831880,7841.0
48.237564760,7828.0
48.259297640,7511.0
48.281030520,7266.0
48.302763400,7264.0
48.324496280,6957.0
48.346229160,6783.0
48.367962040,6718.0
48.389694920,6578.0
48.411427800,6487.0
48.433160680,6283.0
48.454893560,6275.0
48.476626440,6341.0
48.498359320,6041.0
48.520092200,6120.0
48.541825080,5791.0
48.563557960,5815.0
48.585290840,5743.0
48.607023720,5589.0
48.628756600,5473.0
48.650489480,5456.0
48.672222360,5380.0
48.693955240,5287.0
48.715688120,5181.0
48.737421000,5223.0
48.759153880,5053.0
48.780886760,5071.0
48.802619640,5080.0
48.824352520,4896.0
48.846085400,5015.0
48.867818280,4850.0
48.889551160,4805.0
48.911284040,4836.0
48.933016920,4706.0
48.954749800,4801.0
48.976482680,4689.0
48.998215560,4863.0
49.019948440,4565.0
49.041681320,4504.0
49.063414200,4468.0
49.085147080,4433.0
49.106879960,4526.0
49.128612840,4527.0
49.150345720,4353.0
49.172078600,4260.0
49.193811480,4332.0
49.215544360,4255.0
49.237277240,4256.0
49.259010120,4086.0
49.280743000,4126.0
49.302475880,4125.0
49.324208760,4142.0
49.345941640,4174.0
49.367674520,4078.0
49.389407400,4014.0
49.411140280,4025.0
49.432873160,3982.0
49.454606040,3988.0
49.476338920,3969.0
49.498071800,3948.0
49.519804680,3874.0
49.541537560,3894.0
49.563270440,3795.0
49.585003320,3934.0
49.606736200,3828.0
49.628469080,3887.0
49.650201960,3710.0
49.671934840,3727.0
49.693667720,3645.0
49.715400600,3626.0
49.737133480,3663.0
49.758866360,3696.0
49.780599240,3622.0
49.802332120,3715.0
49.824065000,3655.0
49.845797880,3552.0
49.867530760,3665.0
49.889263640,3558.0
49.910996520,3549.0
49.932729400,3514.0
49.954462280,3604.0
49.976195160,3522.0
49.997928040,3551.0
50.019660920,3598.0
50.041393800,3430.0
50.063126680,3485.0
50.084859560,3462.0
50.106592440,3374.0
50.128325320,3372.0
50.150058200,3335.0
50.171791080,3436.0
50.193523960,3408.0
50.215256840,3367.0
50.236989720,3305.0
50.258722600,3271.0
50.280455480,3308.0
50.302188360,3210.0
50.323921240,3207.0
50.345654120,3181.0
50.367387000,3212.0
50.389119880,3228.0
50.410852760,3209.0
50.432585640,3215.0
50.454318520,3173.0
50.476051400,3124.0
50.497784280,3142.0
50.519517160,3111.0
50.541250040,3157.0
50.562982920,3056.0
50.584715800,3144.0
50.606448680,3173.0
50.628181560,3088.0
50.649914440,2993.0
50.671647320,3103.0
50.693380200,3064.0
50.715113080,2948.0
50.736845960,3048.0
50.758578840,2985.0
50.780311720,2997.0
50.802044600,2976.0
50.823777480,2964.0
50.845510360,2995.0
50.867243240,2955.0
50.888976120,3101.0
50.910709000,2937.0
50.932441880,2888.0
50.954174760,2931.0
50.975907640,2897.0
50.997640520,2891.0
51.019373400,2861.0
51.041106280,2819.0
51.062839160,2865.0
51.084572040,2901.0
51.106304920,2954.0
51.128037800,2843.0
51.149770680,2883.0
51.171503560,2851.0
51.193236440,2917.0
51.214969320,3003.0
51.236702200,2999.0
51.258435080,3149.0
51.280167960,2914.0
51.301900840,2788.0
51.323633720,2803.0
51.345366600,2793.0
51.367099480,2727.0
51.388832360,2744.0
51.410565240,2822.0
51.432298120,2758.0
51.454031000,2748.0
51.475763880,2731.0
51.497496760,2824.0
51.519229640,2728.0
51.540962520,2781.0
51.562695400,2846.0
51.584428280,2796.0
51.606161160,2983.0
51.627894040,3137.0
51.649626920,3271.0
51.671359800,3194.0
51.693092680,3081.0
51.714825560,3050.0
51.736558440,3125.0
51.758291320,3125.0
51.780024200,3144.0
51.801757080,3021.0
51.823489960,3035.0
51.845222840,2925.0
51.866955720,2929.0
51.888688600,2899.0
51.910421480,2838.0
51.932154360,2811.0
51.953887240,2668.0
51.975620120,2763.0
51.997353000,2641.0
52.019085880,2704.0
52.040818760,2720.0
52.062551640,2666.0
52.084284520,2677.0
52.106017400,2620.0
52.127750280,2638.0
52.149483160,2598.0
52.171216040,2642.0
52.192948920,2618.0
52.214681800,2530.0
52.236414680,2545.0
52.258147560,2579.0
52.279880440,2530.0
52.301613320,2476.0
52.323346200,2484.0
52.345079080,2420.0
52.366811960,2462.0
52.388544840,2360.0
52.410277720,2455.0
52.432010600,2347.0
52.453743480,2475.0
52.475476360,2365.0
52.497209240,2341.0
52.518942120,2340.0
52.540675000,2343.0
52.562407880,2381.0
52.584140760,2365.0
52.605873640,2325.0
52.627606520,2282.0
52.649339400,2375.0
52.671072280,2269.0
52.692805160,2356.0
52.714538040,2290.0
52.736270920,2326.0
52.758003800,2265.0
52.779736680,2267.0
52.801469560,2183.0
52.823202440,2280.0
52.844935320,2155.0
52.866668200,2277.0
52.888401080,2164.0
52.910133960,2256.0
52.931866840,2155.0
52.953599720,2237.0
52.975332600,2207.0
52.997065480,2124.0
53.018798360,2134.0
53.040531240,2149.0
53.062264120,2126.0
53.083997000,2130.0
53.105729880,2157.0
53.127462760,2092.0
53.149195640,2157.0
53.170928520,2102.0
53.192661400,2148.0
53.214394280,2068.0
53.236127160,2034.0
53.257860040,2144.0
53.279592920,2102.0
53.301325800,2086.0
53.323058680,2059.0
53.344791560,2081.0
53.366524440,2012.0
53.388257320,2080.0
53.409990200,2004.0
53.431723080,2052.0
53.453455960,2045.0
53.475188840,2075.0
53.496921720,2012.0
53.518654600,1966.0
53.540387480,1976.0
53.562120360,2033.0
53.583853240,1924.0
53.605586120,2018.0
53.627319000,1978.0
53.649051880,1876.0
53.670784760,1994.0
53.692517640,1979.0
53.714250520,1988.0
53.735983400,1989.0
53.757716280,1990.0
53.779449160,1957.0
53.801182040,1867.0
53.822914920,1946.0
53.844647800,1997.0
53.866380680,1957.0
53.888113560,1908.0
53.909846440,1905.0
53.931579320,1894.0
53.953312200,1864.0
53.975045080,1899.0
53.996777960,1946.0
54.018510840,1927.0
54.040243720,1887.0
54.061976600,1874.0
54.083709480,1930.0
54.105442360,1894.0
54.127175240,1866.0
54.148908120,1901.0
54.170641000,1850.0
54.192373880,1845.0
54.214106760,1896.0
54.235839640,1803.0
54.257572520,1853.0
54.279305400,1829.0
54.301038280,1853.0
54.322771160,1814.0
54.344504040,1946.0
54.366236920,1860.0
54.387969800,1850.0
54.409702680,1852.0
54.431435560,1810.0
54.453168440,1822.0
54.474901320,1827.0
54.496634200,1793.0
54.518367080,1829.0
54.540099960,1797.0
54.561832840,1859.0
54.583565720,1843.0
54.605298600,1820.0
54.627031480,1821.0
54.648764360,1746.0
54.670497240,1830.0
54.692230120,1787.0
54.713963000,1780.0
54.735695880,1749.0
54.757428760,1889.0
54.779161640,1807.0
54.800894520,1672.0
54.822627400,1811.0
54.844360280,1816.0
54.866093160,1736.0
54.887826040,1752.0
54.909558920,1700.0
54.931291800,1704.0
54.953024680,1763.0
54.974757560,1689.0
54.996490440,1662.0
55.018223320,1735.0
55.039956200,1740.0
55.061689080,1730.0
55.083421960,1755.0
55.105154840,1740.0
55.126887720,1750.0
55.148620600,1786.0
55.170353480,1645.0
55.192086360,1670.0
55.213819240,1645.0
55.235552120,1681.0
55.257285000,1701.0
55.279017880,1673.0
55.300750760,1683.0
55.322483640,1687.0
55.344216520,1678.0
55.365949400,1649.0
55.387682280,1664.0
55.409415160,1635.0
55.431148040,1662.0
55.452880920,1626.0
55.474613800,1571.0
55.496346680,1615.0
55.518079560,1623.0
55.539812440,1556.0
55.561545320,1601.0
55.583278200,1599.0
55.605011080,1685.0
55.626743960,1601.0
55.648476840,1488.0
55.670209720,1587.0
55.691942600,1471.0
55.713675480,1603.0
55.735408360,1521.0
55.757141240,1578.0
55.778874120,1564.0
55.800607000,1547.0
55.822339880,1619.0
55.844072760,1578.0
55.865805640,1589.0
55.887538520,1530.0
55.909271400,1600.0
55.931004280,1581.0
55.952737160,1596.0
55.974470040,1631.0
55.996202920,1518.0
56.017935800,1523.0
56.039668680,1585.0
56.061401560,1520.0
56.083134440,1527.0
56.104867320,1524.0
56.126600200,1553.0
56.148333080,1521.0
56.170065960,1525.0
56.191798840,1485.0
56.213531720,1534.0
56.235264600,1532.0
56.256997480,1569.0
56.278730360,1548.0
56.300463240,1440.0
56.322196120,1543.0
56.343929000,1468.0
56.365661880,1544.0
56.387394760,1472.0
56.409127640,1463.0
56.430860520,1521.0
56.452593400,1489.0
56.474326280,1435.0
56.496059160,1473.0
56.517792040,1513.0
56.539524920,1414.0
56.561257800,1463.0
56.582990680,1393.0
56.604723560,1378.0
56.626456440,1480.0
56.648189320,1425.0
56.669922200,1439.0
56.691655080,1467.0
56.713387960,1383.0
56.735120840,1391.0
56.756853720,1421.0
56.778586600,1400.0
56.800319480,1461.0
56.822052360,1383.0
56.843785240,1396.0
56.865518120,1369.0
56.887251000,1330.0
56.908983880,1366.0
56.930716760,1313.0
56.952449640,1359.0
56.974182520,1354.0
56.995915400,1348.0
57.017648280,1354.0
57.039381160,1359.0
57.061114040,1424.0
57.082846920,1378.0
57.104579800,1372.0
57.126312680,1295.0
57.148045560,1291.0
57.169778440,1399.0
57.191511320,1358.0
57.213244200,1318.0
57.234977080,1321.0
57.256709960,1352.0
57.278442840,1311.0
57.300175720,1320.0
57.321908600,1301.0
57.343641480,1310.0
57.365374360,1282.0
57.387107240,1332.0
57.408840120,1381.0
57.430573000,1306.0
57.452305880,1279.0
57.474038760,1349.0
57.495771640,1330.0
57.517504520,1313.0
57.539237400,1372.0
57.560970280,1263.0
57.582703160,1353.0
57.604436040,1321.0
57.626168920,1410.0
57.647901800,1356.0
57.669634680,1361.0
57.691367560,1254.0
57.713100440,1348.0
57.734833320,1331.0
57.756566200,1307.0
57.778299080,1371.0
57.800031960,1336.0
57.821764840,1378.0
57.843497720,1414.0
57.865230600,1302.0
57.886963480,1339.0
57.908696360,1424.0
57.930429240,1313.0
57.952162120,1299.0
57.973895000,1423.0
57.995627880,1351.0
58.017360760,1334.0
58.039093640,1301.0
58.060826520,1230.0
58.082559400,1230.0
58.104292280,1196.0
58.126025160,1311.0
58.147758040,1269.0
58.169490920,1228.0
58.191223800,1188.0
58.212956680,1197.0
58.234689560,1198.0
58.256422440,1184.0
58.278155320,1187.0
58.299888200,1217.0
58.321621080,1252.0
58.343353960,1211.0
58.365086840,1186.0
58.386819720,1149.0
58.408552600,1212.0
58.430285480,1179.0
58.452018360,1175.0
58.473751240,1212.0
58.495484120,1198.0
58.517217000,1136.0
58.538949880,1112.0
58.560682760,1091.0
58.582415640,1136.0
58.604148520,1141.0
58.625881400,1148.0
58.647614280,1149.0
58.669347160,1119.0
58.691080040,1180.0
58.712812920,1159.0
58.734545800,1109.0
58.756278680,1089.0
58.778011560,1172.0
58.799744440,1183.0
58.821477320,1126.0
58.843210200,1121.0
58.864943080,1091.0
58.886675960,1091.0
58.908408840,1059.0
58.930141720,1081.0
58.951874600,1026.0
58.973607480,1078.0
58.995340360,1055.0
59.017073240,1083.0
59.038806120,1101.0
59.060539000,1112.0
59.082271880,1085.0
59.104004760,1041.0
59.125737640,1075.0
59.147470520,1080.0
59.169203400,1072.0
59.190936280,1041.0
59.212669160,1084.0
59.234402040,1003.0
59.256134920,1087.0
59.277867800,1046.0
59.299600680,1096.0
59.321333560,1072.0
59.343066440,1077.0
59.364799320,1041.0
59.386532200,1026.0
59.408265080,961.0
59.429997960,1051.0
59.451730840,1008.0
59.473463720,1051.0
59.495196600,1005.0
59.516929480,1014.0
59.538662360,1003.0
59.560395240,1079.0
59.582128120,1016.0
59.603861000,1020.0
59.625593880,972.0
59.647326760,967.0
59.669059640,975.0
59.690792520,958.0
59.712525400,959.0
59.734258280,1037.0
59.755991160,1030.0
59.777724040,1038.0
59.799456920,990.0
59.821189800,978.0
59.842922680,949.0
59.864655560,995.0
59.886388440,979.0
59.908121320,990.0
59.929854200,1030.0
59.951587080,986.0
59.973319960,962.0
59.995052840,974.0
60.016785720,971.0
60.038518600,984.0
60.060251480,983.0
60.081984360,990.0
60.103717240,931.0
60.125450120,998.0
60.147183000,971.0
60.168915880,936.0
60.190648760,891.0
60.212381640,1012.0
60.234114520,952.0
60.255847400,979.0
60.277580280,959.0
60.299313160,972.0
60.321046040,980.0
60.342778920,939.0
60.364511800,945.0
60.386244680,948.0
60.407977560,902.0
60.429710440,926.0
60.451443320,915.0
60.473176200,935.0
60.494909080,944.0
60.516641960,931.0
60.538374840,982.0
60.560107720,935.0
60.581840600,907.0
60.603573480,964.0
60.625306360,948.0
60.647039240,1018.0
60.668772120,972.0
60.690505000,975.0
60.712237880,927.0
60.733970760,997.0
60.755703640,941.0
60.777436520,954.0
60.799169400,937.0
60.820902280,902.0
60.842635160,909.0
60.864368040,922.0
60.886100920,857.0
60.907833800,888.0
60.929566680,889.0
60.951299560,884.0
60.973032440,883.0
60.994765320,946.0
61.016498200,871.0
61.038231080,901.0
61.059963960,876.0
61.081696840,847.0
61.103429720,905.0
61.125162600,841.0
61.146895480,817.0
61.168628360,883.0
61.190361240,878.0
61.212094120,904.0
61.233827000,869.0
61.255559880,838.0
61.277292760,865.0
61.299025640,828.0
61.320758520,852.0
61.342491400,853.0
61.364224280,833.0
61.385957160,871.0
61.407690040,874.0
61.429422920,867.0
61.451155800,881.0
61.472888680,893.0
61.494621560,892.0
61.516354440,826.0
61.538087320,793.0
61.559820200,838.0
61.581553080,847.0
61.603285960,842.0
61.625018840,875.0
61.646751720,847.0
61.668484600,867.0
61.690217480,789.0
61.711950360,817.0
61.733683240,806.0
61.755416120,846.0
61.777149000,831.0
61.798881880,797.0
61.820614760,788.0
61.842347640,840.0
61.864080520,807.0
61.885813400,826.0
61.907546280,793.0
61.929279160,825.0
61.951012040,803.0
61.972744920,792.0
61.994477800,797.0
62.016210680,794.0
62.037943560,827.0
62.059676440,824.0
62.081409320,852.0
62.103142200,750.0
62.124875080,861.0
62.146607960,814.0
62.168340840,837.0
62.190073720,856.0
62.211806600,849.0
62.233539480,812.0
62.255272360,850.0
62.277005240,889.0
62.298738120,874.0
62.320471000,840.0
62.342203880,927.0
62.363936760,895.0
62.385669640,879.0
62.407402520,863.0
62.429135400,850.0
62.450868280,909.0
62.472601160,894.0
62.494334040,933.0
62.516066920,984.0
62.537799800,927.0
62.559532680,961.0
62.581265560,947.0
62.602998440,920.0
62.624731320,916.0
62.646464200,953.0
62.668197080,931.0
62.689929960,892.0
62.711662840,901.0
62.733395720,921.0
62.755128600,931.0
62.776861480,979.0
62.798594360,913.0
62.820327240,962.0
62.842060120,938.0
62.863793000,942.0
62.885525880,982.0
62.907258760,888.0
62.928991640,973.0
62.950724520,929.0
62.972457400,912.0
62.994190280,893.0
63.015923160,912.0
63.037656040,976.0
63.059388920,952.0
63.081121800,913.0
63.102854680,1005.0
63.124587560,968.0
63.146320440,972.0
63.168053320,967.0
63.189786200,949.0
63.211519080,909.0
63.233251960,975.0
63.254984840,955.0
63.276717720,906.0
63.298450600,1001.0
63.320183480,944.0
63.341916360,944.0
63.363649240,1007.0
63.385382120,978.0
63.407115000,1021.0
63.428847880,1072.0
63.450580760,1005.0
63.472313640,1015.0
63.494046520,996.0
63.515779400,1024.0
63.537512280,1034.0
63.559245160,1050.0
63.580978040,1089.0
63.602710920,1047.0
63.624443800,1063.0
63.646176680,1087.0
63.667909560,1041.0
63.689642440,1088.0
63.711375320,1085.0
63.733108200,1090.0
63.754841080,1074.0
63.776573960,1164.0
63.798306840,1129.0
63.820039720,1154.0
63.841772600,1169.0
63.863505480,1251.0
63.885238360,1252.0
63.906971240,1324.0
63.928704120,1307.0
63.950437000,1321.0
63.972169880,1404.0
63.993902760,1402.0
64.015635640,1557.0
64.037368520,1531.0
64.059101400,1611.0
64.080834280,1630.0
64.102567160,1773.0
64.124300040,1971.0
64.146032920,2023.0
64.167765800,2169.0
64.189498680,2383.0
64.211231560,2578.0
64.232964440,2691.0
64.254697320,2836.0
64.276430200,3094.0
64.298163080,3513.0
64.319895960,3799.0
64.341628840,4337.0
64.363361720,4636.0
64.385094600,5221.0
64.406827480,5919.0
64.428560360,6981.0
64.450293240,8074.0
64.472026120,9815.0
64.493759000,11642.0
64.515491880,14028.0
64.537224760,16867.0
64.558957640,19720.0
64.580690520,23021.0
64.602423400,26473.0
64.624156280,29887.0
64.645889160,32621.0
64.667622040,35687.0
64.689354920,38089.0
64.711087800,39692.0
64.732820680,40621.0
64.754553560,40775.0
64.776286440,39642.0
64.798019320,38842.0
64.819752200,37524.0
64.841485080,35591.0
64.863217960,33817.0
64.884950840,31542.0
64.906683720,29190.0
64.928416600,27102.0
64.950149480,24364.0
64.971882360,21701.0
64.993615240,19393.0
65.015348120,16707.0
65.037081000,14770.0
65.058813880,12795.0
65.080546760,10889.0
65.102279640,9539.0
65.124012520,8076.0
65.145745400,7280.0
65.167478280,6102.0
65.189211160,5434.0
65.210944040,4754.0
65.232676920,4143.0
65.254409800,3774.0
65.276142680,3342.0
65.297875560,3086.0
65.319608440,2774.0
65.341341320,2622.0
65.363074200,2306.0
65.384807080,2154.0
65.406539960,2027.0
65.428272840,1880.0
65.450005720,1719.0
65.471738600,1607.0
65.493471480,1605.0
65.515204360,1588.0
65.536937240,1446.0
65.558670120,1384.0
65.580403000,1340.0
65.602135880,1283.0
65.623868760,1276.0
65.645601640,1174.0
65.667334520,1161.0
65.689067400,1156.0
65.710800280,1135.0
65.732533160,1128.0
65.754266040,1093.0
65.775998920,1037.0
65.797731800,995.0
65.819464680,1008.0
65.841197560,961.0
65.862930440,926.0
65.884663320,946.0
65.906396200,981.0
65.928129080,835.0
65.949861960,923.0
65.971594840,964.0
65.993327720,932.0
66.015060600,857.0
66.036793480,904.0
66.058526360,829.0
66.080259240,865.0
66.101992120,827.0
66.123725000,847.0
66.145457880,807.0
66.167190760,769.0
66.188923640,790.0
66.210656520,797.0
66.232389400,773.0
66.254122280,774.0
66.275855160,729.0
66.297588040,720.0
66.319320920,787.0
66.341053800,732.0
66.362786680,727.0
66.384519560,744.0
66.406252440,736.0
66.427985320,764.0
66.449718200,799.0
66.471451080,763.0
66.493183960,760.0
66.514916840,736.0
66.536649720,715.0
66.558382600,719.0
66.580115480,738.0
66.601848360,715.0
66.623581240,720.0
66.645314120,713.0
66.667047000,739.0
66.688779880,656.0
66.710512760,727.0
66.732245640,700.0
66.753978520,624.0
66.775711400,660.0
66.797444280,667.0
66.819177160,651.0
66.840910040,672.0
66.862642920,648.0
66.884375800,663.0
66.906108680,662.0
66.927841560,643.0
66.949574440,618.0
66.971307320,625.0
66.993040200,661.0
67.014773080,673.0
67.036505960,663.0
67.058238840,605.0
67.079971720,623.0
67.101704600,606.0
67.123437480,607.0
67.145170360,582.0
67.166903240,604.0
67.188636120,678.0
67.210369000,610.0
67.232101880,618.0
67.253834760,639.0
67.275567640,578.0
67.297300520,618.0
67.319033400,614.0
67.340766280,620.0
67.362499160,606.0
67.384232040,639.0
67.405964920,568.0
67.427697800,560.0
67.449430680,598.0
67.471163560,577.0
67.492896440,574.0
67.514629320,561.0
67.536362200,605.0
67.558095080,599.0
67.579827960,587.0
67.601560840,579.0
67.623293720,603.0
67.645026600,573.0
67.666759480,538.0
67.688492360,597.0
67.710225240,551.0
67.731958120,587.0
67.753691000,578.0
67.775423880,598.0
67.797156760,541.0
67.818889640,612.0
67.840622520,596.0
67.862355400,536.0
67.884088280,585.0
67.905821160,565.0
67.927554040,591.0
67.949286920,540.0
67.971019800,589.0
67.992752680,577.0
68.014485560,571.0
68.036218440,568.0
68.057951320,558.0
68.079684200,574.0
68.101417080,549.0
68.123149960,560.0
68.144882840,539.0
68.166615720,553.0
68.188348600,526.0
68.210081480,548.0
68.231814360,538.0
68.253547240,540.0
68.275280120,514.0
68.297013000,554.0
68.318745880,534.0
68.340478760,507.0
68.362211640,531.0
68.383944520,511.0
68.405677400,532.0
68.427410280,494.0
68.449143160,547.0
68.470876040,545.0
68.492608920,505.0
68.514341800,549.0
68.536074680,543.0
68.557807560,519.0
68.579540440,556.0
68.601273320,490.0
68.623006200,540.0
68.644739080,536.0
68.666471960,512.0
68.688204840,510.0
68.709937720,508.0
68.731670600,525.0
68.753403480,502.0
68.775136360,494.0
68.796869240,490.0
68.818602120,486.0
68.840335000,506.0
68.862067880,447.0
68.883800760,521.0
68.905533640,477.0
68.927266520,481.0
68.948999400,502.0
68.970732280,478.0
68.992465160,550.0
69.014198040,467.0
69.035930920,511.0
69.057663800,547.0
69.079396680,504.0
69.101129560,511.0
69.122862440,519.0
69.144595320,520.0
69.166328200,491.0
69.188061080,535.0
69.209793960,474.0
69.231526840,496.0
69.253259720,504.0
69.274992600,497.0
69.296725480,515.0
69.318458360,496.0
69.340191240,471.0
69.361924120,437.0
69.383657000,478.0
69.405389880,485.0
69.427122760,492.0
69.448855640,460.0
69.470588520,480.0
69.492321400,467.0
69.514054280,509.0
69.535787160,472.0
69.557520040,484.0
69.579252920,463.0
69.600985800,462.0
69.622718680,512.0
69.644451560,484.0
69.666184440,439.0
69.687917320,425.0
69.709650200,452.0
69.731383080,483.0
69.753115960,442.0
69.774848840,464.0
69.796581720,474.0
69.818314600,484.0
69.840047480,447.0
69.861780360,462.0
69.883513240,435.0
69.905246120,415.0
69.926979000,453.0
69.948711880,426.0
69.970444760,446.0
69.992177640,475.0
70.013910520,465.0
70.035643400,453.0
70.057376280,433.0
70.079109160,452.0
70.100842040,422.0
70.122574920,434.0
70.144307800,462.0
70.166040680,477.0
70.187773560,500.0
70.209506440,429.0
70.231239320,451.0
70.252972200,439.0
70.274705080,449.0
70.296437960,470.0
70.318170840,428.0
70.339903720,406.0
70.361636600,439.0
70.383369480,491.0
70.405102360,493.0
70.426835240,450.0
70.448568120,515.0
70.470301000,449.0
70.492033880,469.0
70.513766760,442.0
70.535499640,459.0
70.557232520,417.0
70.578965400,456.0
70.600698280,435.0
70.622431160,453.0
70.644164040,421.0
70.665896920,419.0
70.687629800,434.0
70.709362680,449.0
70.731095560,443.0
70.752828440,427.0
70.774561320,465.0
70.796294200,445.0
70.818027080,460.0
70.839759960,441.0
70.861492840,408.0
70.883225720,462.0
70.904958600,449.0
70.926691480,466.0
70.948424360,439.0
70.970157240,455.0
70.991890120,442.0
71.013623000,433.0
71.035355880,454.0
71.057088760,413.0
71.078821640,457.0
71.100554520,441.0
71.122287400,404.0
71.144020280,401.0
71.165753160,439.0
71.187486040,413.0
71.209218920,444.0
71.230951800,438.0
71.252684680,461.0
71.274417560,455.0
71.296150440,399.0
71.317883320,427.0
71.339616200,434.0
71.361349080,380.0
71.383081960,441.0
71.404814840,467.0
71.426547720,401.0
71.448280600,414.0
71.470013480,438.0
71.491746360,402.0
71.513479240,403.0
71.535212120,414.0
71.556945000,401.0
71.578677880,400.0
71.600410760,420.0
71.622143640,403.0
71.643876520,396.0
71.665609400,417.0
71.687342280,387.0
71.709075160,415.0
71.730808040,383.0
71.752540920,360.0
71.774273800,414.0
71.796006680,381.0
71.817739560,389.0
71.839472440,401.0
71.861205320,401.0
71.882938200,376.0
71.904671080,391.0
71.926403960,398.0
71.948136840,377.0
71.969869720,372.0
71.991602600,353.0
72.013335480,370.0
72.035068360,392.0
72.056801240,393.0
72.078534120,397.0
72.100267000,392.0
72.121999880,421.0
72.143732760,416.0
72.165465640,408.0
72.187198520,376.0
72.208931400,384.0
72.230664280,355.0
72.252397160,363.0
72.274130040,390.0
72.295862920,385.0
72.317595800,373.0
72.339328680,379.0
72.361061560,390.0
72.382794440,371.0
72.404527320,416.0
72.426260200,422.0
72.447993080,394.0
72.469725960,329.0
72.491458840,374.0
72.513191720,380.0
72.534924600,334.0
72.556657480,371.0
72.578390360,338.0
72.600123240,382.0
72.621856120,377.0
72.643589000,347.0
72.665321880,363.0
72.687054760,366.0
72.708787640,353.0
72.730520520,352.0
72.752253400,420.0
72.773986280,403.0
72.795719160,322.0
72.817452040,342.0
72.839184920,335.0
72.860917800,345.0
72.882650680,369.0
72.904383560,359.0
72.926116440,339.0
72.947849320,409.0
72.969582200,368.0
72.991315080,367.0
73.013047960,360.0
73.034780840,367.0
73.056513720,379.0
73.078246600,352.0
73.099979480,335.0
73.121712360,383.0
73.143445240,350.0
73.165178120,348.0
73.186911000,365.0
73.208643880,359.0
73.230376760,396.0
73.252109640,350.0
73.273842520,326.0
73.295575400,365.0
73.317308280,369.0
73.339041160,337.0
73.360774040,358.0
73.382506920,355.0
73.404239800,350.0
73.425972680,358.0
73.447705560,333.0
73.469438440,348.0
73.491171320,348.0
73.512904200,352.0
73.534637080,361.0
73.556369960,332.0
73.578102840,346.0
73.599835720,356.0
73.621568600,332.0
73.643301480,350.0
73.665034360,345.0
73.686767240,338.0
73.708500120,366.0
73.730233000,375.0
73.751965880,383.0
73.773698760,366.0
73.795431640,314.0
73.817164520,335.0
73.838897400,369.0
73.860630280,353.0
73.882363160,321.0
73.904096040,325.0
73.925828920,343.0
73.947561800,306.0
73.969294680,321.0
73.991027560,327.0
74.012760440,331.0
74.034493320,342.0
74.056226200,333.0
74.077959080,336.0
74.099691960,301.0
74.121424840,336.0
74.143157720,304.0
74.164890600,356.0
74.186623480,347.0
74.208356360,371.0
74.230089240,342.0
74.251822120,316.0
74.273555000,332.0
74.295287880,314.0
74.317020760,335.0
74.338753640,360.0
74.360486520,334.0
74.382219400,328.0
74.403952280,330.0
74.425685160,337.0
74.447418040,325.0
74.469150920,347.0
74.490883800,301.0
74.512616680,342.0
74.534349560,332.0
74.556082440,361.0
74.577815320,320.0
74.599548200,322.0
74.621281080,311.0
74.643013960,313.0
74.664746840,316.0
74.686479720,332.0
74.708212600,342.0
74.729945480,359.0
74.751678360,316.0
74.773411240,362.0
74.795144120,359.0
74.816877000,295.0
74.838609880,353.0
74.860342760,338.0
74.882075640,316.0
74.903808520,333.0
74.925541400,326.0
74.947274280,284.0
74.969007160,340.0
74.990740040,311.0
75.012472920,335.0
75.034205800,315.0
75.055938680,296.0
75.077671560,321.0
75.099404440,314.0
75.121137320,282.0
75.142870200,302.0
75.164603080,309.0
75.186335960,302.0
75.208068840,306.0
75.229801720,344.0
75.251534600,278.0
75.273267480,302.0
75.295000360,299.0
75.316733240,323.0
75.338466120,284.0
75.360199000,296.0
75.381931880,305.0
75.403664760,315.0
75.425397640,310.0
75.447130520,320.0
75.468863400,300.0
75.490596280,305.0
75.512329160,358.0
75.534062040,305.0
75.555794920,302.0
75.577527800,285.0
75.599260680,310.0
75.620993560,351.0
75.642726440,303.0
75.664459320,325.0
75.686192200,336.0
75.707925080,297.0
75.729657960,281.0
75.751390840,298.0
75.773123720,289.0
75.794856600,318.0
75.816589480,322.0
75.838322360,314.0
75.860055240,314.0
75.881788120,328.0
75.903521000,283.0
75.925253880,288.0
75.946986760,330.0
75.968719640,304.0
75.990452520,298.0
76.012185400,323.0
76.033918280,307.0
76.055651160,329.0
76.077384040,316.0
76.099116920,299.0
76.120849800,301.0
76.142582680,285.0
76.164315560,302.0
76.186048440,323.0
76.207781320,319.0
76.229514200,320.0
76.251247080,300.0
76.272979960,298.0
76.294712840,310.0
76.316445720,299.0
76.338178600,326.0
76.359911480,311.0
76.381644360,340.0
76.403377240,280.0
76.425110120,308.0
76.446843000,308.0
76.468575880,333.0
76.490308760,304.0
76.512041640,307.0
76.533774520,305.0
76.555507400,313.0
76.577240280,262.0
76.598973160,311.0
76.620706040,268.0
76.642438920,319.0
76.664171800,329.0
76.685904680,311.0
76.707637560,312.0
76.729370440,294.0
76.751103320,261.0
76.772836200,274.0
76.794569080,292.0
76.816301960,308.0
76.838034840,330.0
76.859767720,295.0
76.881500600,304.0
76.903233480,298.0
76.924966360,320.0
76.946699240,304.0
76.968432120,237.0
76.990165000,302.0
77.011897880,325.0
77.033630760,308.0
77.055363640,352.0
77.077096520,289.0
77.098829400,272.0
77.120562280,339.0
77.142295160,282.0
77.164028040,313.0
77.185760920,316.0
77.207493800,296.0
77.229226680,314.0
77.250959560,336.0
77.272692440,357.0
77.294425320,341.0
77.316158200,341.0
77.337891080,312.0
77.359623960,372.0
77.381356840,350.0
77.403089720,336.0
77.424822600,354.0
77.446555480,418.0
77.468288360,382.0
77.490021240,425.0
77.511754120,405.0
77.533487000,443.0
77.555219880,430.0
77.576952760,378.0
77.598685640,453.0
77.620418520,444.0
77.642151400,428.0
77.663884280,425.0
77.685617160,452.0
77.707350040,473.0
77.729082920,473.0
77.750815800,526.0
77.772548680,469.0
77.794281560,478.0
77.816014440,460.0
77.837747320,463.0
77.859480200,415.0
77.881213080,405.0
77.902945960,456.0
77.924678840,385.0
77.946411720,421.0
77.968144600,415.0
77.989877480,392.0
78.011610360,381.0
78.033343240,386.0
78.055076120,362.0
78.076809000,385.0
78.098541880,376.0
78.120274760,341.0
78.142007640,372.0
78.163740520,336.0
78.185473400,331.0
78.207206280,323.0
78.228939160,323.0
78.250672040,296.0
78.272404920,309.0
78.294137800,315.0
78.315870680,277.0
78.337603560,265.0
78.359336440,300.0
78.381069320,321.0
78.402802200,264.0
78.424535080,287.0
78.446267960,305.0
78.468000840,279.0
78.489733720,305.0
78.511466600,294.0
78.533199480,302.0
78.554932360,292.0
78.576665240,261.0
78.598398120,266.0
78.620131000,261.0
78.641863880,267.0
78.663596760,273.0
78.685329640,299.0
78.707062520,283.0
78.728795400,313.0
78.750528280,284.0
78.772261160,263.0
78.793994040,300.0
78.815726920,261.0
78.837459800,270.0
78.859192680,271.0
78.880925560,278.0
78.902658440,284.0
78.924391320,272.0
78.946124200,307.0
78.967857080,291.0
78.989589960,263.0
79.011322840,314.0
79.033055720,278.0
79.054788600,288.0
79.076521480,241.0
79.098254360,258.0
79.119987240,272.0
79.141720120,299.0
79.163453000,280.0
79.185185880,269.0
79.206918760,278.0
79.228651640,274.0
79.250384520,272.0
79.272117400,260.0
79.293850280,271.0
79.315583160,284.0
79.337316040,267.0
79.359048920,295.0
79.380781800,270.0
79.402514680,267.0
79.424247560,277.0
79.445980440,240.0
79.467713320,266.0
79.489446200,261.0
79.511179080,264.0
79.532911960,290.0
79.554644840,272.0
79.576377720,245.0
79.598110600,285.0
79.619843480,241.0
79.641576360,234.0
79.663309240,229.0
79.685042120,265.0
79.706775000,280.0
79.728507880,276.0
79.750240760,243.0
79.771973640,276.0
79.793706520,276.0
79.815439400,262.0
79.837172280,229.0
79.858905160,290.0
79.880638040,284.0
79.902370920,265.0
79.924103800,242.0
79.945836680,265.0
79.967569560,305.0
79.989302440,249.0
80.011035320,239.0
80.032768200,242.0
80.054501080,213.0
80.076233960,248.0
80.097966840,282.0
80.119699720,262.0
80.141432600,259.0
80.163165480,269.0
80.184898360,287.0
80.206631240,273.0
80.228364120,262.0
80.250097000,264.0
80.271829880,267.0
80.293562760,267.0
80.315295640,236.0
80.337028520,271.0
80.358761400,246.0
80.380494280,244.0
80.402227160,247.0
80.423960040,291.0
80.445692920,259.0
80.467425800,243.0
80.489158680,241.0
80.510891560,244.0
80.532624440,269.0
80.554357320,266.0
80.576090200,227.0
80.597823080,225.0
80.619555960,219.0
80.641288840,235.0
80.663021720,237.0
80.684754600,263.0
80.706487480,241.0
80.728220360,274.0
80.749953240,225.0
80.771686120,222.0
80.793419000,235.0
80.815151880,245.0
80.836884760,239.0
80.858617640,233.0
80.880350520,222.0
80.902083400,221.0
80.923816280,233.0
80.945549160,285.0
80.967282040,247.0
80.989014920,272.0
81.010747800,267.0
81.032480680,221.0
81.054213560,238.0
81.075946440,230.0
81.097679320,264.0
81.119412200,267.0
81.141145080,209.0
81.162877960,244.0
81.184610840,241.0
81.206343720,238.0
81.228076600,261.0
81.249809480,256.0
81.271542360,286.0
81.293275240,276.0
81.315008120,247.0
81.336741000,266.0
81.358473880,274.0
81.380206760,245.0
81.401939640,246.0
81.423672520,267.0
81.445405400,272.0
81.467138280,227.0
81.488871160,256.0
81.510604040,295.0
81.532336920,224.0
81.554069800,298.0
81.575802680,266.0
81.597535560,312.0
81.619268440,291.0
81.641001320,307.0
81.662734200,290.0
81.684467080,294.0
81.706199960,332.0
81.727932840,321.0
81.749665720,340.0
81.771398600,343.0
81.793131480,325.0
81.814864360,339.0
81.836597240,309.0
81.858330120,343.0
81.880063000,319.0
81.901795880,309.0
81.923528760,298.0
81.945261640,296.0
81.966994520,271.0
81.988727400,283.0
82.010460280,295.0
82.032193160,282.0
82.053926040,258.0
82.075658920,301.0
82.097391800,266.0
82.119124680,264.0
82.140857560,289.0
82.162590440,282.0
82.184323320,239.0
82.206056200,272.0
82.227789080,287.0
82.249521960,265.0
82.271254840,245.0
82.292987720,236.0
82.314720600,233.0
82.336453480,231.0
82.358186360,212.0
82.379919240,245.0
82.401652120,262.0
82.423385000,269.0
82.445117880,236.0
82.466850760,223.0
82.488583640,235.0
82.510316520,271.0
82.532049400,269.0
82.553782280,240.0
82.575515160,238.0
82.597248040,220.0
82.618980920,236.0
82.640713800,219.0
82.662446680,246.0
82.684179560,226.0
82.705912440,241.0
82.727645320,219.0
82.749378200,221.0
82.771111080,220.0
82.792843960,224.0
82.814576840,207.0
82.836309720,228.0
82.858042600,217.0
82.879775480,210.0
82.901508360,261.0
82.923241240,216.0
82.944974120,212.0
82.966707000,246.0
82.988439880,199.0
83.010172760,215.0
83.031905640,239.0
83.053638520,225.0
83.075371400,224.0
83.097104280,231.0
83.118837160,207.0
83.140570040,203.0
83.162302920,194.0
83.184035800,234.0
83.205768680,192.0
83.227501560,239.0
83.249234440,247.0
83.270967320,224.0
83.292700200,230.0
83.314433080,216.0
83.336165960,204.0
83.357898840,229.0
83.379631720,227.0
83.401364600,197.0
83.423097480,233.0
83.444830360,230.0
83.466563240,246.0
83.488296120,233.0
83.510029000,225.0
83.531761880,221.0
83.553494760,216.0
83.575227640,190.0
83.596960520,214.0
83.618693400,206.0
83.640426280,269.0
83.662159160,224.0
83.683892040,215.0
83.705624920,221.0
83.727357800,270.0
83.749090680,236.0
83.770823560,239.0
83.792556440,211.0
83.814289320,219.0
83.836022200,225.0
83.857755080,226.0
83.879487960,175.0
83.901220840,222.0
83.922953720,213.0
83.944686600,203.0
83.966419480,212.0
83.988152360,204.0
84.009885240,236.0
84.031618120,241.0
84.053351000,256.0
84.075083880,241.0
84.096816760,258.0
84.118549640,250.0
84.140282520,210.0
84.162015400,220.0
84.183748280,234.0
84.205481160,224.0
84.227214040,222.0
84.248946920,214.0
84.270679800,210.0
84.292412680,223.0
84.314145560,236.0
84.335878440,220.0
84.357611320,228.0
84.379344200,207.0
84.401077080,209.0
84.422809960,169.0
84.444542840,208.0
84.466275720,223.0
84.488008600,242.0
84.509741480,212.0
84.531474360,259.0
84.553207240,230.0
84.574940120,264.0
84.596673000,217.0
84.618405880,194.0
84.640138760,218.0
84.661871640,261.0
84.683604520,225.0
84.705337400,221.0
84.727070280,216.0
84.748803160,209.0
84.770536040,227.0
84.792268920,213.0
84.814001800,199.0
84.835734680,225.0
84.857467560,201.0
84.879200440,229.0
84.900933320,212.0
84.922666200,218.0
84.944399080,230.0
84.966131960,202.0
84.987864840,229.0
85.009597720,230.0
85.031330600,222.0
85.053063480,204.0
85.074796360,247.0
85.096529240,216.0
85.118262120,212.0
85.139995000,216.0
85.161727880,222.0
85.183460760,179.0
85.205193640,187.0
85.226926520,192.0
85.248659400,169.0
85.270392280,183.0
85.292125160,220.0
85.313858040,216.0
85.335590920,223.0
85.357323800,186.0
85.379056680,204.0
85.400789560,232.0
85.422522440,204.0
85.444255320,206.0
85.465988200,188.0
85.487721080,232.0
85.509453960,203.0
85.531186840,214.0
85.552919720,184.0
85.574652600,208.0
85.596385480,231.0
85.618118360,218.0
85.639851240,217.0
85.661584120,206.0
85.683317000,207.0
85.705049880,214.0
85.726782760,198.0
85.748515640,203.0
85.770248520,221.0
85.791981400,218.0
85.813714280,202.0
85.835447160,227.0
85.857180040,195.0
85.878912920,206.0
85.900645800,228.0
85.922378680,215.0
85.944111560,209.0
85.965844440,207.0
85.987577320,202.0
86.009310200,246.0
86.031043080,220.0
86.052775960,234.0
86.074508840,228.0
86.096241720,197.0
86.117974600,180.0
86.139707480,195.0
86.161440360,194.0
86.183173240,217.0
86.204906120,216.0
86.226639000,216.0
86.248371880,223.0
86.270104760,204.0
86.291837640,227.0
86.313570520,191.0
86.335303400,231.0
86.357036280,208.0
86.378769160,210.0
86.400502040,209.0
86.422234920,201.0
86.443967800,217.0
86.465700680,194.0
86.487433560,198.0
86.509166440,229.0
86.530899320,236.0
86.552632200,217.0
86.574365080,213.0
86.596097960,213.0
86.617830840,196.0
86.639563720,198.0
86.661296600,201.0
86.683029480,205.0
86.704762360,204.0
86.726495240,235.0
86.748228120,211.0
86.769961000,223.0
86.791693880,195.0
86.813426760,233.0
86.835159640,177.0
86.856892520,218.0
86.878625400,206.0
86.900358280,195.0
86.922091160,183.0
86.943824040,204.0
86.965556920,219.0
86.987289800,204.0
87.009022680,213.0
87.030755560,199.0
87.052488440,222.0
87.074221320,211.0
87.095954200,217.0
87.117687080,189.0
87.139419960,165.0
87.161152840,196.0
87.182885720,213.0
87.204618600,219.0
87.226351480,196.0
87.248084360,232.0
87.269817240,224.0
87.291550120,215.0
87.313283000,195.0
87.335015880,200.0
87.356748760,196.0
87.378481640,198.0
87.400214520,200.0
87.421947400,191.0
87.443680280,230.0
87.465413160,199.0
87.487146040,221.0
87.508878920,184.0
87.530611800,193.0
87.552344680,238.0
87.574077560,226.0
87.595810440,213.0
87.617543320,182.0
87.639276200,209.0
87.661009080,231.0
87.682741960,198.0
87.704474840,203.0
87.726207720,189.0
87.747940600,197.0
87.769673480,207.0
87.791406360,236.0
87.813139240,219.0
87.834872120,199.0
87.856605000,197.0
87.878337880,227.0
87.900070760,217.0
87.921803640,209.0
87.943536520,200.0
87.965269400,212.0
87.987002280,214.0
88.008735160,204.0
88.030468040,202.0
88.052200920,182.0
88.073933800,209.0
88.095666680,221.0
88.117399560,181.0
88.139132440,217.0
88.160865320,209.0
88.182598200,212.0
88.204331080,205.0
88.226063960,214.0
88.247796840,173.0
88.269529720,212.0
88.291262600,228.0
88.312995480,182.0
88.334728360,190.0
88.356461240,176.0
88.378194120,224.0
88.399927000,187.0
88.421659880,160.0
88.443392760,221.0
88.465125640,194.0
88.486858520,225.0
88.508591400,183.0
88.530324280,216.0
88.552057160,200.0
88.573790040,235.0
88.595522920,186.0
88.617255800,196.0
88.638988680,195.0
88.660721560,217.0
88.682454440,210.0
88.704187320,197.0
88.725920200,218.0
88.747653080,202.0
88.769385960,191.0
88.791118840,198.0
88.812851720,231.0
88.834584600,206.0
88.856317480,222.0
88.878050360,209.0
88.899783240,201.0
88.921516120,200.0
88.943249000,182.0
88.964981880,201.0
88.986714760,188.0
89.008447640,221.0
89.030180520,223.0
89.051913400,204.0
89.073646280,207.0
89.095379160,199.0
89.117112040,222.0
89.138844920,204.0
89.160577800,198.0
89.182310680,209.0
89.204043560,201.0
89.225776440,201.0
89.247509320,226.0
89.269242200,209.0
89.290975080,195.0
89.312707960,192.0
89.334440840,200.0
89.356173720,210.0
89.377906600,201.0
89.399639480,200.0
89.421372360,175.0
89.443105240,205.0
89.464838120,207.0
89.486571000,217.0
89.508303880,217.0
89.530036760,208.0
89.551769640,186.0
89.573502520,185.0
89.595235400,190.0
89.616968280,168.0
89.638701160,181.0
89.660434040,186.0
89.682166920,206.0
89.703899800,214.0
89.725632680,210.0
89.747365560,174.0
89.769098440,217.0
89.790831320,162.0
89.812564200,196.0
89.834297080,213.0
89.856029960,204.0
89.877762840,211.0
89.899495720,228.0
89.921228600,239.0
89.942961480,228.0
89.964694360,175.0
89.986427240,193.0
90.008160120,215.0
90.029893000,211.0
90.051625880,197.0
90.073358760,207.0
90.095091640,213.0
90.116824520,199.0
90.138557400,213.0
90.160290280,204.0
90.182023160,198.0
90.203756040,200.0
90.225488920,202.0
90.247221800,216.0
90.268954680,196.0
90.290687560,186.0
90.312420440,220.0
90.334153320,206.0
90.355886200,202.0
90.377619080,223.0
90.399351960,180.0
90.421084840,184.0
90.442817720,208.0
90.464550600,196.0
90.486283480,228.0
90.508016360,201.0
90.529749240,203.0
90.551482120,189.0
90.573215000,233.0
90.594947880,188.0
90.616680760,216.0
90.638413640,185.0
90.660146520,219.0
90.681879400,181.0
90.703612280,195.0
90.725345160,208.0
90.747078040,178.0
90.768810920,205.0
90.790543800,194.0
90.812276680,192.0
90.834009560,183.0
90.855742440,220.0
90.877475320,192.0
90.899208200,227.0
90.920941080,204.0
90.942673960,221.0
90.964406840,203.0
90.986139720,208.0
91.007872600,191.0
91.029605480,204.0
91.051338360,221.0
91.073071240,200.0
91.094804120,197.0
91.116537000,183.0
91.138269880,173.0
91.160002760,205.0
91.181735640,202.0
91.203468520,187.0
91.225201400,210.0
91.246934280,212.0
91.268667160,242.0
91.290400040,213.0
91.312132920,195.0
91.333865800,203.0
91.355598680,204.0
91.377331560,194.0
91.399064440,225.0
91.420797320,196.0
91.442530200,240.0
91.464263080,182.0
91.485995960,227.0
91.507728840,196.0
91.529461720,229.0
91.551194600,219.0
91.572927480,215.0
91.594660360,201.0
91.616393240,199.0
91.638126120,227.0
91.659859000,217.0
91.681591880,200.0
91.703324760,212.0
91.725057640,232.0
91.746790520,194.0
91.768523400,198.0
91.790256280,202.0
91.811989160,182.0
91.833722040,199.0
91.855454920,225.0
91.877187800,227.0
91.898920680,214.0
91.920653560,188.0
91.942386440,195.0
91.964119320,202.0
91.985852200,202.0
92.007585080,239.0
92.029317960,231.0
92.051050840,221.0
92.072783720,240.0
92.094516600,217.0
92.116249480,217.0
92.137982360,217.0
92.159715240,198.0
92.181448120,205.0
92.203181000,193.0
92.224913880,190.0
92.246646760,209.0
92.268379640,218.0
92.290112520,199.0
92.311845400,177.0
92.333578280,185.0
92.355311160,210.0
92.377044040,211.0
92.398776920,203.0
92.420509800,213.0
92.442242680,196.0
92.463975560,224.0
92.485708440,211.0
92.507441320,235.0
92.529174200,206.0
92.550907080,206.0
92.572639960,214.0
92.594372840,246.0
92.616105720,205.0
92.637838600,261.0
92.659571480,237.0
92.681304360,236.0
92.703037240,229.0
92.724770120,261.0
92.746503000,247.0
92.768235880,288.0
92.789968760,286.0
92.811701640,258.0
92.833434520,294.0
92.855167400,293.0
92.876900280,355.0
92.898633160,391.0
92.920366040,423.0
92.942098920,570.0
92.963831800,785.0
92.985564680,1119.0
93.007297560,1477.0
93.029030440,1633.0
93.050763320,1510.0
93.072496200,1150.0
93.094229080,707.0
93.115961960,641.0
93.137694840,483.0
93.159427720,417.0
93.181160600,365.0
93.202893480,327.0
93.224626360,325.0
93.246359240,290.0
93.268092120,282.0
93.289825000,301.0
93.311557880,283.0
93.333290760,232.0
93.355023640,281.0
93.376756520,239.0
93.398489400,238.0
93.420222280,230.0
93.441955160,247.0
93.463688040,238.0
93.485420920,222.0
93.507153800,226.0
93.528886680,245.0
93.550619560,242.0
93.572352440,215.0
93.594085320,236.0
93.615818200,229.0
93.637551080,239.0
93.659283960,230.0
93.681016840,234.0
93.702749720,225.0
93.724482600,222.0
93.746215480,240.0
93.767948360,228.0
93.789681240,225.0
93.811414120,227.0
93.833147000,193.0
93.854879880,207.0
93.876612760,224.0
93.898345640,203.0
93.920078520,234.0
93.941811400,248.0
93.963544280,245.0
93.985277160,201.0
94.007010040,213.0
94.028742920,229.0
94.050475800,200.0
94.072208680,217.0
94.093941560,210.0
94.115674440,215.0
94.137407320,187.0
94.159140200,191.0
94.180873080,223.0
94.202605960,213.0
94.224338840,210.0
94.246071720,207.0
94.267804600,240.0
94.289537480,234.0
94.311270360,215.0
94.333003240,226.0
94.354736120,235.0
94.376469000,232.0
94.398201880,196.0
94.419934760,208.0
94.441667640,246.0
94.463400520,226.0
94.485133400,229.0
94.506866280,198.0
94.528599160,247.0
94.550332040,204.0
94.572064920,211.0
94.593797800,227.0
94.615530680,214.0
94.637263560,229.0
94.658996440,214.0
94.680729320,198.0
94.702462200,204.0
94.724195080,200.0
94.745927960,218.0
94.767660840,221.0
94.789393720,229.0
94.811126600,197.0
94.832859480,177.0
94.854592360,193.0
94.876325240,207.0
94.898058120,205.0
94.919791000,207.0
94.941523880,209.0
94.963256760,201.0
94.984989640,227.0
95.006722520,197.0
95.028455400,209.0
95.050188280,189.0
95.071921160,212.0
95.093654040,211.0
95.115386920,207.0
95.137119800,244.0
95.158852680,232.0
95.180585560,225.0
95.202318440,236.0
95.224051320,202.0
95.245784200,212.0
95.267517080,222.0
95.289249960,230.0
95.310982840,239.0
95.332715720,239.0
95.354448600,220.0
95.376181480,217.0
95.397914360,232.0
95.419647240,173.0
95.441380120,212.0
95.463113000,211.0
95.484845880,231.0
95.506578760,198.0
95.528311640,216.0
95.550044520,208.0
95.571777400,220.0
95.593510280,227.0
95.615243160,256.0
95.636976040,222.0
95.658708920,260.0
95.680441800,217.0
95.702174680,231.0
95.723907560,232.0
95.745640440,198.0
95.767373320,194.0
95.789106200,222.0
95.810839080,216.0
95.832571960,210.0
95.854304840,228.0
95.876037720,218.0
95.897770600,235.0
95.919503480,194.0
95.941236360,205.0
95.962969240,212.0
95.984702120,216.0
96.006435000,213.0
96.028167880,218.0
96.049900760,224.0
96.071633640,206.0
96.093366520,200.0
96.115099400,233.0
96.136832280,230.0
96.158565160,225.0
96.180298040,189.0
96.202030920,244.0
96.223763800,226.0
96.245496680,231.0
96.267229560,257.0
96.288962440,212.0
96.310695320,209.0
96.332428200,195.0
96.354161080,223.0
96.375893960,201.0
96.397626840,232.0
96.419359720,199.0
96.441092600,205.0
96.462825480,229.0
96.484558360,204.0
96.506291240,202.0
96.528024120,193.0
96.549757000,269.0
96.571489880,215.0
96.593222760,235.0
96.614955640,220.0
96.636688520,221.0
96.658421400,229.0
96.680154280,234.0
96.701887160,242.0
96.723620040,185.0
96.745352920,209.0
96.767085800,249.0
96.788818680,211.0
96.810551560,233.0
96.832284440,196.0
96.854017320,202.0
96.875750200,218.0
96.897483080,218.0
96.919215960,227.0
96.940948840,246.0
96.962681720,223.0
96.984414600,223.0
97.006147480,233.0
97.027880360,276.0
97.049613240,231.0
97.071346120,239.0
97.093079000,229.0
97.114811880,256.0
97.136544760,225.0
97.158277640,190.0
97.180010520,195.0
97.201743400,229.0
97.223476280,219.0
97.245209160,204.0
97.266942040,220.0
97.288674920,244.0
97.310407800,219.0
97.332140680,233.0
97.353873560,237.0
97.375606440,233.0
97.397339320,244.0
97.419072200,219.0
97.440805080,225.0
97.462537960,223.0
97.484270840,231.0
97.506003720,226.0
97.527736600,247.0
97.549469480,241.0
97.571202360,225.0
97.592935240,215.0
97.614668120,269.0
97.636401000,234.0
97.658133880,222.0
97.679866760,212.0
97.701599640,235.0
97.723332520,239.0
97.745065400,230.0
97.766798280,215.0
97.788531160,223.0
97.810264040,229.0
97.831996920,234.0
97.853729800,229.0
97.875462680,248.0
97.897195560,221.0
97.918928440,209.0
97.940661320,228.0
97.962394200,264.0
97.984127080,237.0
98.005859960,247.0
98.027592840,240.0
98.049325720,258.0
98.071058600,284.0
98.092791480,295.0
98.114524360,206.0
98.136257240,194.0
98.157990120,267.0
98.179723000,224.0
98.201455880,260.0
98.223188760,267.0
98.244921640,248.0
98.266654520,228.0
98.288387400,238.0
98.310120280,297.0
98.331853160,222.0
98.353586040,231.0
98.375318920,250.0
98.397051800,259.0
98.418784680,266.0
98.440517560,261.0
98.462250440,232.0
98.483983320,226.0
98.505716200,263.0
98.527449080,272.0
98.549181960,245.0
98.570914840,288.0
98.592647720,262.0
98.614380600,230.0
98.636113480,231.0
98.657846360,248.0
98.679579240,274.0
98.701312120,237.0
98.723045000,256.0
98.744777880,301.0
98.766510760,245.0
98.788243640,226.0
98.809976520,258.0
98.831709400,263.0
98.853442280,249.0
98.875175160,303.0
98.896908040,259.0
98.918640920,217.0
98.940373800,243.0
98.962106680,244.0
98.983839560,268.0
99.005572440,284.0
99.027305320,273.0
99.049038200,221.0
99.070771080,244.0
99.092503960,299.0
99.114236840,286.0
99.135969720,237.0
99.157702600,219.0
99.179435480,244.0
99.201168360,250.0
99.222901240,270.0
99.244634120,269.0
99.266367000,250.0
99.288099880,260.0
99.309832760,257.0
99.331565640,275.0
99.353298520,270.0
99.375031400,242.0
99.396764280,301.0
99.418497160,266.0
99.440230040,244.0
99.461962920,247.0
99.483695800,256.0
99.505428680,280.0
99.527161560,268.0
99.548894440,291.0
99.570627320,241.0
99.592360200,283.0
99.614093080,257.0
99.635825960,297.0
99.657558840,260.0
99.679291720,279.0
99.701024600,276.0
99.722757480,276.0
99.744490360,270.0
99.766223240,235.0
99.787956120,272.0
99.809689000,229.0
99.831421880,250.0
99.853154760,266.0
99.874887640,273.0
99.896620520,249.0
99.918353400,241.0
99.940086280,285.0
99.961819160,268.0
99.983552040,241.0
100.005284920,256.0
100.027017800,282.0
100.048750680,272.0
100.070483560,282.0
100.092216440,299.0
100.113949320,242.0
100.135682200,247.0
100.157415080,231.0
100.179147960,281.0
100.200880840,290.0
100.222613720,276.0
100.244346600,292.0
100.266079480,242.0
100.287812360,256.0
100.309545240,295.0
100.331278120,278.0
100.353011000,275.0
100.374743880,281.0
100.396476760,257.0
100.418209640,275.0
100.439942520,271.0
100.461675400,294.0
100.483408280,272.0
100.505141160,294.0
100.526874040,292.0
100.548606920,270.0
100.570339800,274.0
100.592072680,292.0
100.613805560,302.0
100.635538440,291.0
100.657271320,317.0
100.679004200,285.0
100.700737080,322.0
100.722469960,272.0
100.744202840,287.0
100.765935720,299.0
100.787668600,270.0
100.809401480,309.0
100.831134360,288.0
100.852867240,279.0
100.874600120,278.0
100.896333000,305.0
100.918065880,318.0
100.939798760,301.0
100.961531640,311.0
100.983264520,295.0
101.004997400,292.0
101.026730280,283.0
101.048463160,299.0
101.070196040,299.0
101.091928920,318.0
101.113661800,333.0
101.135394680,302.0
101.157127560,290.0
101.178860440,335.0
101.200593320,321.0
101.222326200,347.0
101.244059080,323.0
101.265791960,314.0
101.287524840,335.0
101.309257720,344.0
101.330990600,307.0
101.352723480,355.0
101.374456360,319.0
101.396189240,346.0
101.417922120,310.0
101.439655000,322.0
101.461387880,313.0
101.483120760,320.0
101.504853640,370.0
101.526586520,345.0
101.548319400,328.0
101.570052280,378.0
101.591785160,399.0
101.613518040,383.0
101.635250920,390.0
101.656983800,437.0
101.678716680,497.0
101.700449560,584.0
101.722182440,627.0
101.743915320,698.0
101.765648200,697.0
101.787381080,701.0
101.809113960,714.0
101.830846840,732.0
101.852579720,771.0
101.874312600,715.0
101.896045480,752.0
101.917778360,699.0
101.939511240,737.0
101.961244120,761.0
101.982977000,753.0
102.004709880,752.0
102.026442760,712.0
102.048175640,762.0
102.069908520,777.0
102.091641400,751.0
102.113374280,784.0
102.135107160,742.0
102.156840040,821.0
102.178572920,785.0
102.200305800,706.0
102.222038680,788.0
102.243771560,708.0
102.265504440,750.0
102.287237320,734.0
102.308970200,785.0
102.330703080,777.0
102.352435960,783.0
102.374168840,790.0
102.395901720,836.0
102.417634600,814.0
102.439367480,818.0
102.461100360,763.0
102.482833240,763.0
102.504566120,812.0
102.526299000,832.0
102.548031880,809.0
102.569764760,799.0
102.591497640,850.0
102.613230520,863.0
102.634963400,798.0
102.656696280,804.0
102.678429160,777.0
102.700162040,829.0
102.721894920,816.0
102.743627800,802.0
102.765360680,816.0
102.787093560,860.0
102.808826440,839.0
102.830559320,866.0
102.852292200,882.0
102.874025080,827.0
102.895757960,844.0
102.917490840,843.0
102.939223720,862.0
102.960956600,870.0
102.982689480,828.0
103.004422360,852.0
103.026155240,853.0
103.047888120,872.0
103.069621000,840.0
103.091353880,926.0
103.113086760,897.0
103.134819640,845.0
103.156552520,917.0
103.178285400,858.0
103.200018280,973.0
103.221751160,938.0
103.243484040,914.0
103.265216920,871.0
103.286949800,933.0
103.308682680,879.0
103.330415560,881.0
103.352148440,932.0
103.373881320,859.0
103.395614200,967.0
103.417347080,939.0
103.439079960,975.0
103.460812840,907.0
103.482545720,924.0
103.504278600,894.0
103.526011480,956.0
103.547744360,950.0
103.569477240,934.0
103.591210120,956.0
103.612943000,933.0
103.634675880,1018.0
103.656408760,968.0
103.678141640,939.0
103.699874520,964.0
103.721607400,1014.0
103.743340280,1003.0
103.765073160,985.0
103.786806040,1039.0
103.808538920,972.0
103.830271800,1039.0
103.852004680,983.0
103.873737560,1055.0
103.895470440,1007.0
103.917203320,995.0
103.938936200,1015.0
103.960669080,1050.0
103.982401960,1024.0
104.004134840,1021.0
104.025867720,1051.0
104.047600600,1057.0
104.069333480,1065.0
104.091066360,1102.0
104.112799240,1020.0
104.134532120,971.0
104.156265000,1035.0
104.177997880,1163.0
104.199730760,1037.0
104.221463640,1065.0
104.243196520,1086.0
104.264929400,1082.0
104.286662280,1127.0
104.308395160,1141.0
104.330128040,1164.0
104.351860920,1128.0
104.373593800,1093.0
104.395326680,1124.0
104.417059560,1187.0
104.438792440,1150.0
104.460525320,1235.0
104.482258200,1229.0
104.503991080,1143.0
104.525723960,1177.0
104.547456840,1253.0
104.569189720,1229.0
104.590922600,1217.0
104.612655480,1277.0
104.634388360,1239.0
104.656121240,1211.0
104.677854120,1292.0
104.699587000,1285.0
104.721319880,1365.0
104.743052760,1293.0
104.764785640,1326.0
104.786518520,1308.0
104.808251400,1314.0
104.829984280,1354.0
104.851717160,1317.0
104.873450040,1390.0
104.895182920,1381.0
104.916915800,1403.0
104.938648680,1384.0
104.960381560,1496.0
104.982114440,1494.0
105.003847320,1444.0
105.025580200,1526.0
105.047313080,1503.0
105.069045960,1507.0
105.090778840,1523.0
105.112511720,1526.0
105.134244600,1542.0
105.155977480,1583.0
105.177710360,1651.0
105.199443240,1654.0
105.221176120,1630.0
105.242909000,1630.0
105.264641880,1652.0
105.286374760,1643.0
105.308107640,1727.0
105.329840520,1677.0
105.351573400,1822.0
105.373306280,1760.0
105.395039160,1846.0
105.416772040,1892.0
105.438504920,1817.0
105.460237800,1896.0
105.481970680,2058.0
105.503703560,2003.0
105.525436440,1959.0
105.547169320,2091.0
105.568902200,2020.0
105.590635080,2126.0
105.612367960,2171.0
105.634100840,2217.0
105.655833720,2253.0
105.677566600,2236.0
105.699299480,2377.0
105.721032360,2399.0
105.742765240,2541.0
105.764498120,2512.0
105.786231000,2748.0
105.807963880,2597.0
105.829696760,2745.0
105.851429640,2820.0
105.873162520,3048.0
105.894895400,3137.0
105.916628280,3321.0
105.938361160,3480.0
105.960094040,3719.0
105.981826920,4113.0
106.003559800,4369.0
106.025292680,4763.0
106.047025560,5043.0
106.068758440,5581.0
106.090491320,6041.0
106.112224200,6298.0
106.133957080,6413.0
106.155689960,6400.0
106.177422840,6629.0
106.199155720,6793.0
106.220888600,6453.0
106.242621480,6757.0
106.264354360,6936.0
106.286087240,7454.0
106.307820120,8099.0
106.329553000,9166.0
106.351285880,9864.0
106.373018760,10727.0
106.394751640,11136.0
106.416484520,11864.0
106.438217400,12486.0
106.459950280,13278.0
106.481683160,14371.0
106.503416040,15836.0
106.525148920,17185.0
106.546881800,19538.0
106.568614680,22261.0
106.590347560,25693.0
106.612080440,31421.0
106.633813320,38747.0
106.655546200,51124.0
106.677279080,71448.0
106.699011960,109604.0
106.720744840,197119.0
106.742477720,406974.0
106.764210600,680809.0
106.785943480,662478.0
106.807676360,443864.0
106.829409240,274511.0
106.851142120,166890.0
106.872875000,106480.0
106.894607880,71933.0
106.916340760,53508.0
106.938073640,42822.0
106.959806520,37172.0
106.981539400,35129.0
107.003272280,35351.0
107.025005160,38310.0
107.046738040,44970.0
107.068470920,58556.0
107.090203800,85387.0
107.111936680,146252.0
107.133669560,253119.0
107.155402440,327811.0
107.177135320,291250.0
107.198868200,204630.0
107.220601080,129278.0
107.242333960,80301.0
107.264066840,52455.0
107.285799720,35966.0
107.307532600,27224.0
107.329265480,21241.0
107.350998360,17658.0
107.372731240,15285.0
107.394464120,13714.0
107.416197000,12466.0
107.437929880,11629.0
107.459662760,10630.0
107.481395640,9668.0
107.503128520,8781.0
107.524861400,7857.0
107.546594280,6963.0
107.568327160,6290.0
107.590060040,5767.0
107.611792920,5547.0
107.633525800,5157.0
107.655258680,4936.0
107.676991560,4621.0
107.698724440,4455.0
107.720457320,4324.0
107.742190200,4211.0
107.763923080,4007.0
107.785655960,3791.0
107.807388840,3692.0
107.829121720,3542.0
107.850854600,3498.0
107.872587480,3449.0
107.894320360,3172.0
107.916053240,3123.0
107.937786120,3117.0
107.959519000,3059.0
107.981251880,2893.0
108.002984760,2846.0
108.024717640,2767.0
108.046450520,2765.0
108.068183400,2699.0
108.089916280,2631.0
108.111649160,2570.0
108.133382040,2529.0
108.155114920,2508.0
108.176847800,2396.0
108.198580680,2487.0
108.220313560,2286.0
108.242046440,2319.0
108.263779320,2257.0
108.285512200,2276.0
108.307245080,2251.0
108.328977960,2101.0
108.350710840,2107.0
108.372443720,2059.0
108.394176600,2109.0
108.415909480,2093.0
108.437642360,1992.0
108.459375240,1898.0
108.481108120,1956.0
108.502841000,1929.0
108.524573880,1899.0
108.546306760,1918.0
108.568039640,1839.0
108.589772520,1887.0
108.611505400,1865.0
108.633238280,1752.0
108.654971160,1799.0
108.676704040,1720.0
108.698436920,1768.0
108.720169800,1769.0
108.741902680,1619.0
108.763635560,1666.0
108.785368440,1649.0
108.807101320,1706.0
108.828834200,1621.0
108.850567080,1543.0
108.872299960,1449.0
108.894032840,1656.0
108.915765720,1547.0
108.937498600,1532.0
108.959231480,1513.0
108.980964360,1518.0
109.002697240,1513.0
109.024430120,1546.0
109.046163000,1490.0
109.067895880,1419.0
109.089628760,1433.0
109.111361640,1458.0
109.133094520,1390.0
109.154827400,1390.0
109.176560280,1369.0
109.198293160,1396.0
109.220026040,1320.0
109.241758920,1373.0
109.263491800,1304.0
109.285224680,1342.0
109.306957560,1301.0
109.328690440,1281.0
109.350423320,1335.0
109.372156200,1287.0
109.393889080,1271.0
109.415621960,1204.0
109.437354840,1296.0
109.459087720,1293.0
109.480820600,1241.0
109.502553480,1324.0
109.524286360,1113.0
109.546019240,1285.0
109.567752120,1224.0
109.589485000,1189.0
109.611217880,1103.0
109.632950760,1231.0
109.654683640,1195.0
109.676416520,1170.0
109.698149400,1117.0
109.719882280,1143.0
109.741615160,1124.0
109.763348040,1158.0
109.785080920,1095.0
109.806813800,1122.0
109.828546680,1098.0
109.850279560,1105.0
109.872012440,1104.0
109.893745320,1085.0
109.915478200,1079.0
109.937211080,1073.0
109.958943960,1111.0
109.980676840,1020.0
110.002409720,1080.0
